run	source_file	variable	start_value	end_value	display	module	baseline_end	log2fc_end	candidate_label	pathway_module	scenario_label	run_order	scenario_label_unique	run_display
akg_pool_half	akg_pool_half.txt	asp_Asp	1.5	0.5739440632402242	Asp	Asp processes	0.567947941498242	0.015151440899502941	2-OG-linked transaminase/GDH/omega-amidase axis	2-OG / TCA competition	2-OG pool x0.5	12	2-OG pool x0.5	2-OG pool x0.5
akg_pool_half	akg_pool_half.txt	asp_Ile	0	2.3707319135549728e-5	Ile	Asp processes	2.370729394711176e-5	1.5328284107804575e-6	2-OG-linked transaminase/GDH/omega-amidase axis	2-OG / TCA competition	2-OG pool x0.5	12	2-OG pool x0.5	2-OG pool x0.5
akg_pool_half	akg_pool_half.txt	asp_Lys	0	3.8732286155101e-7	Lys	Asp processes	3.873231301054436e-7	-1.0003050514018913e-6	2-OG-linked transaminase/GDH/omega-amidase axis	2-OG / TCA competition	2-OG pool x0.5	12	2-OG pool x0.5	2-OG pool x0.5
akg_pool_half	akg_pool_half.txt	asp_Thr	0	0.189686974881493	Thr	Asp processes	0.1896870114350881	-2.780142670512602e-7	2-OG-linked transaminase/GDH/omega-amidase axis	2-OG / TCA competition	2-OG pool x0.5	12	2-OG pool x0.5	2-OG pool x0.5
akg_pool_half	akg_pool_half.txt	nh4_GLN	1	5.20459999770973e-4	Gln	N assimilation	5.162361628024267e-4	0.011756081628140064	2-OG-linked transaminase/GDH/omega-amidase axis	2-OG / TCA competition	2-OG pool x0.5	12	2-OG pool x0.5	2-OG pool x0.5
akg_pool_half	akg_pool_half.txt	nh4_GLU	1	0.005094542881716812	Glu	N assimilation	0.005132793114462577	-0.010791408124585717	2-OG-linked transaminase/GDH/omega-amidase axis	2-OG / TCA competition	2-OG pool x0.5	12	2-OG pool x0.5	2-OG pool x0.5
akg_pool_half	akg_pool_half.txt	nh4_NH4	0.05	0.12179196019368713	NH4	N assimilation	0.11881569193615592	0.035693515487503276	2-OG-linked transaminase/GDH/omega-amidase axis	2-OG / TCA competition	2-OG pool x0.5	12	2-OG pool x0.5	2-OG pool x0.5
akg_pool_half	akg_pool_half.txt	pyr_pyruvate	1	0.3552964927227123	Pyruvate	Pyruvate / entry	0.35527865410955606	7.243619160308593e-5	2-OG-linked transaminase/GDH/omega-amidase axis	2-OG / TCA competition	2-OG pool x0.5	12	2-OG pool x0.5	2-OG pool x0.5
akg_pool_half	akg_pool_half.txt	tca_akg	0.1	0.03453537353949297	2-OG	TCA / 2-OG	0.03550880507426684	-0.040101984146619495	2-OG-linked transaminase/GDH/omega-amidase axis	2-OG / TCA competition	2-OG pool x0.5	12	2-OG pool x0.5	2-OG pool x0.5
akg_pool_half	akg_pool_half.txt	tca_oaa	0.004	0.0033860924955990317	OAA	TCA / 2-OG	0.0033876863481532176	-6.789247982933817e-4	2-OG-linked transaminase/GDH/omega-amidase axis	2-OG / TCA competition	2-OG pool x0.5	12	2-OG pool x0.5	2-OG pool x0.5
akg_pool_x2	akg_pool_x2.txt	asp_Asp	1.5	0.5562218015106916	Asp	Asp processes	0.567947941498242	-0.030098404108055008	2-OG-linked transaminase/GDH/omega-amidase axis	2-OG / TCA competition	2-OG pool x2	13	2-OG pool x2	2-OG pool x2
akg_pool_x2	akg_pool_x2.txt	asp_Ile	0	2.370729620093037e-5	Ile	Asp processes	2.370729394711176e-5	1.3715494686614228e-7	2-OG-linked transaminase/GDH/omega-amidase axis	2-OG / TCA competition	2-OG pool x2	13	2-OG pool x2	2-OG pool x2
akg_pool_x2	akg_pool_x2.txt	asp_Lys	0	3.873230825404594e-7	Lys	Asp processes	3.873231301054436e-7	-1.7716885100174497e-7	2-OG-linked transaminase/GDH/omega-amidase axis	2-OG / TCA competition	2-OG pool x2	13	2-OG pool x2	2-OG pool x2
akg_pool_x2	akg_pool_x2.txt	asp_Thr	0	0.18968699800555672	Thr	Asp processes	0.1896870114350881	-1.0214046211885563e-7	2-OG-linked transaminase/GDH/omega-amidase axis	2-OG / TCA competition	2-OG pool x2	13	2-OG pool x2	2-OG pool x2
akg_pool_x2	akg_pool_x2.txt	nh4_GLN	1	5.078667884726668e-4	Gln	N assimilation	5.162361628024267e-4	-0.023581073802785815	2-OG-linked transaminase/GDH/omega-amidase axis	2-OG / TCA competition	2-OG pool x2	13	2-OG pool x2	2-OG pool x2
akg_pool_x2	akg_pool_x2.txt	nh4_GLU	1	0.005206264556721354	Glu	N assimilation	0.005132793114462577	0.02050451269600387	2-OG-linked transaminase/GDH/omega-amidase axis	2-OG / TCA competition	2-OG pool x2	13	2-OG pool x2	2-OG pool x2
akg_pool_x2	akg_pool_x2.txt	nh4_NH4	0.05	0.11332173091963352	NH4	N assimilation	0.11881569193615592	-0.06830084154548734	2-OG-linked transaminase/GDH/omega-amidase axis	2-OG / TCA competition	2-OG pool x2	13	2-OG pool x2	2-OG pool x2
akg_pool_x2	akg_pool_x2.txt	pyr_pyruvate	1	0.35524630501508225	Pyruvate	Pyruvate / entry	0.35527865410955606	-1.313673154120413e-4	2-OG-linked transaminase/GDH/omega-amidase axis	2-OG / TCA competition	2-OG pool x2	13	2-OG pool x2	2-OG pool x2
akg_pool_x2	akg_pool_x2.txt	tca_akg	0.4	0.03745856501888108	2-OG	TCA / 2-OG	0.03550880507426684	0.07711882089107948	2-OG-linked transaminase/GDH/omega-amidase axis	2-OG / TCA competition	2-OG pool x2	13	2-OG pool x2	2-OG pool x2
akg_pool_x2	akg_pool_x2.txt	tca_oaa	0.004	0.003390569039301048	OAA	TCA / 2-OG	0.0033876863481532176	0.0012271135373839279	2-OG-linked transaminase/GDH/omega-amidase axis	2-OG / TCA competition	2-OG pool x2	13	2-OG pool x2	2-OG pool x2
asadh_half	asadh_half.txt	asp_Asp	1.5	0.5754043910127538	Asp	Asp processes	0.567947941498242	0.018817533217127688	Indian Chief aspartate-semialdehyde dehydrogenase	Asp processes	ASADH x0.5	8	ASADH x0.5	ASADH x0.5
asadh_half	asadh_half.txt	asp_Ile	0	2.248195578255276e-5	Ile	Asp processes	2.370729394711176e-5	-0.07656344744489747	Indian Chief aspartate-semialdehyde dehydrogenase	Asp processes	ASADH x0.5	8	ASADH x0.5	ASADH x0.5
asadh_half	asadh_half.txt	asp_Lys	0	3.68281034971391e-7	Lys	Asp processes	3.873231301054436e-7	-0.07273035998210099	Indian Chief aspartate-semialdehyde dehydrogenase	Asp processes	ASADH x0.5	8	ASADH x0.5	ASADH x0.5
asadh_half	asadh_half.txt	asp_Thr	0	0.18024989738979383	Thr	Asp processes	0.1896870114350881	-0.07362245732522418	Indian Chief aspartate-semialdehyde dehydrogenase	Asp processes	ASADH x0.5	8	ASADH x0.5	ASADH x0.5
asadh_half	asadh_half.txt	nh4_GLN	1	5.163970894365508e-4	Gln	N assimilation	5.162361628024267e-4	4.4966217759156106e-4	Indian Chief aspartate-semialdehyde dehydrogenase	Asp processes	ASADH x0.5	8	ASADH x0.5	ASADH x0.5
asadh_half	asadh_half.txt	nh4_GLU	1	0.005134878757550914	Glu	N assimilation	0.005132793114462577	5.861011179384863e-4	Indian Chief aspartate-semialdehyde dehydrogenase	Asp processes	ASADH x0.5	8	ASADH x0.5	ASADH x0.5
asadh_half	asadh_half.txt	nh4_NH4	0.05	0.1187945652374271	NH4	N assimilation	0.11881569193615592	-2.5654939251399474e-4	Indian Chief aspartate-semialdehyde dehydrogenase	Asp processes	ASADH x0.5	8	ASADH x0.5	ASADH x0.5
asadh_half	asadh_half.txt	pyr_pyruvate	1	0.3552782134958229	Pyruvate	Pyruvate / entry	0.35527865410955606	-1.7892199111670498e-6	Indian Chief aspartate-semialdehyde dehydrogenase	Asp processes	ASADH x0.5	8	ASADH x0.5	ASADH x0.5
asadh_half	asadh_half.txt	tca_akg	0.2	0.03551203823184478	2-OG	TCA / 2-OG	0.03550880507426684	1.313546894139391e-4	Indian Chief aspartate-semialdehyde dehydrogenase	Asp processes	ASADH x0.5	8	ASADH x0.5	ASADH x0.5
asadh_half	asadh_half.txt	tca_oaa	0.004	0.003387726451071303	OAA	TCA / 2-OG	0.0033876863481532176	1.7078304376428807e-5	Indian Chief aspartate-semialdehyde dehydrogenase	Asp processes	ASADH x0.5	8	ASADH x0.5	ASADH x0.5
asadh_x2	asadh_x2.txt	asp_Asp	1.5	0.5639589355462247	Asp	Asp processes	0.567947941498242	-0.010168580201339242	Indian Chief aspartate-semialdehyde dehydrogenase	Asp processes	ASADH x2	9	ASADH x2	ASADH x2
asadh_x2	asadh_x2.txt	asp_Ile	0	2.4367679987782182e-5	Ile	Asp processes	2.370729394711176e-5	0.03963790222696845	Indian Chief aspartate-semialdehyde dehydrogenase	Asp processes	ASADH x2	9	ASADH x2	ASADH x2
asadh_x2	asadh_x2.txt	asp_Lys	0	3.975484129417164e-7	Lys	Asp processes	3.873231301054436e-7	0.037592806276060216	Indian Chief aspartate-semialdehyde dehydrogenase	Asp processes	ASADH x2	9	ASADH x2	ASADH x2
asadh_x2	asadh_x2.txt	asp_Thr	0	0.1947562835958304	Thr	Asp processes	0.1896870114350881	0.038048980481433764	Indian Chief aspartate-semialdehyde dehydrogenase	Asp processes	ASADH x2	9	ASADH x2	ASADH x2
asadh_x2	asadh_x2.txt	nh4_GLN	1	5.161514746045682e-4	Gln	N assimilation	5.162361628024267e-4	-2.3669257298846024e-4	Indian Chief aspartate-semialdehyde dehydrogenase	Asp processes	ASADH x2	9	ASADH x2	ASADH x2
asadh_x2	asadh_x2.txt	nh4_GLU	1	0.005131683835030623	Glu	N assimilation	0.005132793114462577	-3.118233786742852e-4	Indian Chief aspartate-semialdehyde dehydrogenase	Asp processes	ASADH x2	9	ASADH x2	ASADH x2
asadh_x2	asadh_x2.txt	nh4_NH4	0.05	0.11882729648064393	NH4	N assimilation	0.11881569193615592	1.4089890814211292e-4	Indian Chief aspartate-semialdehyde dehydrogenase	Asp processes	ASADH x2	9	ASADH x2	ASADH x2
asadh_x2	asadh_x2.txt	pyr_pyruvate	1	0.3552788930741088	Pyruvate	Pyruvate / entry	0.35527865410955606	9.703731289402722e-7	Indian Chief aspartate-semialdehyde dehydrogenase	Asp processes	ASADH x2	9	ASADH x2	ASADH x2
asadh_x2	asadh_x2.txt	tca_akg	0.2	0.03550701860379527	2-OG	TCA / 2-OG	0.03550880507426684	-7.258472709345103e-5	Indian Chief aspartate-semialdehyde dehydrogenase	Asp processes	ASADH x2	9	ASADH x2	ASADH x2
asadh_x2	asadh_x2.txt	tca_oaa	0.004	0.0033876646203441427	OAA	TCA / 2-OG	0.0033876863481532176	-9.253130218245228e-6	Indian Chief aspartate-semialdehyde dehydrogenase	Asp processes	ASADH x2	9	ASADH x2	ASADH x2
asp_kinase_x2	asp_kinase_x2.txt	asp_Asp	1.5	0.44471492997670936	Asp	Asp processes	0.567947941498242	-0.3528778576792184	Jarvis ask2 / aspartate kinase	Asp processes	Asp kinase x2	7	Asp kinase x2	Asp kinase x2
asp_kinase_x2	asp_kinase_x2.txt	asp_Ile	0	4.3021572585026587e-5	Ile	Asp processes	2.370729394711176e-5	0.8597292370459776	Jarvis ask2 / aspartate kinase	Asp processes	Asp kinase x2	7	Asp kinase x2	Asp kinase x2
asp_kinase_x2	asp_kinase_x2.txt	asp_Lys	0	3.643661642094981e-7	Lys	Asp processes	3.873231301054436e-7	-0.08814843017303203	Jarvis ask2 / aspartate kinase	Asp processes	Asp kinase x2	7	Asp kinase x2	Asp kinase x2
asp_kinase_x2	asp_kinase_x2.txt	asp_Thr	0	0.344220562108761	Thr	Asp processes	0.1896870114350881	0.8597123842146914	Jarvis ask2 / aspartate kinase	Asp processes	Asp kinase x2	7	Asp kinase x2	Asp kinase x2
asp_kinase_x2	asp_kinase_x2.txt	nh4_GLN	1	5.13542706731245e-4	Gln	N assimilation	5.162361628024267e-4	-0.007546949515959351	Jarvis ask2 / aspartate kinase	Asp processes	Asp kinase x2	7	Asp kinase x2	Asp kinase x2
asp_kinase_x2	asp_kinase_x2.txt	nh4_GLU	1	0.005098174622834238	Glu	N assimilation	0.005132793114462577	-0.009763322117441586	Jarvis ask2 / aspartate kinase	Asp processes	Asp kinase x2	7	Asp kinase x2	Asp kinase x2
asp_kinase_x2	asp_kinase_x2.txt	nh4_NH4	0.05	0.11915842204569985	NH4	N assimilation	0.11881569193615592	0.00415553912975729	Jarvis ask2 / aspartate kinase	Asp processes	Asp kinase x2	7	Asp kinase x2	Asp kinase x2
asp_kinase_x2	asp_kinase_x2.txt	pyr_pyruvate	1	0.35528597199941625	Pyruvate	Pyruvate / entry	0.35527865410955606	2.9715758492716446e-5	Jarvis ask2 / aspartate kinase	Asp processes	Asp kinase x2	7	Asp kinase x2	Asp kinase x2
asp_kinase_x2	asp_kinase_x2.txt	tca_akg	0.2	0.03545687539159818	2-OG	TCA / 2-OG	0.03550880507426684	-0.002111406768435375	Jarvis ask2 / aspartate kinase	Asp processes	Asp kinase x2	7	Asp kinase x2	Asp kinase x2
asp_kinase_x2	asp_kinase_x2.txt	tca_oaa	0.004	0.003387020275275801	OAA	TCA / 2-OG	0.0033876863481532176	-2.836846208539425e-4	Jarvis ask2 / aspartate kinase	Asp processes	Asp kinase x2	7	Asp kinase x2	Asp kinase x2
asp_pool_half	asp_pool_half.txt	asp_Asp	0.75	0.1943928643921648	Asp	Asp processes	0.567947941498242	-1.5467834346645621	Asp pool state proxy	Asp processes	Asp pool x0.5	19	Asp pool x0.5	Asp pool x0.5
asp_pool_half	asp_pool_half.txt	asp_Ile	0	2.3707303979330997e-5	Ile	Asp processes	2.370729394711176e-5	6.105053281892032e-7	Asp pool state proxy	Asp processes	Asp pool x0.5	19	Asp pool x0.5	Asp pool x0.5
asp_pool_half	asp_pool_half.txt	asp_Lys	0	3.873231124675254e-7	Lys	Asp processes	3.873231301054436e-7	-6.569726941056304e-8	Asp pool state proxy	Asp processes	Asp pool x0.5	19	Asp pool x0.5	Asp pool x0.5
asp_pool_half	asp_pool_half.txt	asp_Thr	0	0.1896870068240688	Thr	Asp processes	0.1896870114350881	-3.506984843654558e-8	Asp pool state proxy	Asp processes	Asp pool x0.5	19	Asp pool x0.5	Asp pool x0.5
asp_pool_half	asp_pool_half.txt	nh4_GLN	1	5.090025005740102e-4	Gln	N assimilation	5.162361628024267e-4	-0.020358463164041614	Asp pool state proxy	Asp processes	Asp pool x0.5	19	Asp pool x0.5	Asp pool x0.5
asp_pool_half	asp_pool_half.txt	nh4_GLU	1	0.005016656737944112	Glu	N assimilation	0.005132793114462577	-0.033017885711961785	Asp pool state proxy	Asp processes	Asp pool x0.5	19	Asp pool x0.5	Asp pool x0.5
asp_pool_half	asp_pool_half.txt	nh4_NH4	0.05	0.12065029699440402	NH4	N assimilation	0.11881569193615592	0.02210608209441902	Asp pool state proxy	Asp processes	Asp pool x0.5	19	Asp pool x0.5	Asp pool x0.5
asp_pool_half	asp_pool_half.txt	pyr_pyruvate	1	0.3553058791607805	Pyruvate	Pyruvate / entry	0.35527865410955606	1.1054968007178933e-4	Asp pool state proxy	Asp processes	Asp pool x0.5	19	Asp pool x0.5	Asp pool x0.5
asp_pool_half	asp_pool_half.txt	tca_akg	0.2	0.03509855616981212	2-OG	TCA / 2-OG	0.03550880507426684	-0.016765127884810965	Asp pool state proxy	Asp processes	Asp pool x0.5	19	Asp pool x0.5	Asp pool x0.5
asp_pool_half	asp_pool_half.txt	tca_oaa	0.004	0.0033852182027626038	OAA	TCA / 2-OG	0.0033876863481532176	-0.0010514783561566877	Asp pool state proxy	Asp processes	Asp pool x0.5	19	Asp pool x0.5	Asp pool x0.5
aspat_capacity_half	aspat_capacity_half.txt	asp_Asp	1.5	0.864621664145972	Asp	Asp processes	0.567947941498242	0.6063102877991241	Jarvis GOT1 / AspAT and Goodman-Buckler GOT-like GWAS	C-N interface	AspAT x0.5	10	AspAT x0.5	AspAT x0.5
aspat_capacity_half	aspat_capacity_half.txt	asp_Ile	0	2.3707287296545127e-5	Ile	Asp processes	2.370729394711176e-5	-4.047168126617409e-7	Jarvis GOT1 / AspAT and Goodman-Buckler GOT-like GWAS	C-N interface	AspAT x0.5	10	AspAT x0.5	AspAT x0.5
aspat_capacity_half	aspat_capacity_half.txt	asp_Lys	0	3.873231358892985e-7	Lys	Asp processes	3.873231301054436e-7	2.1543554984857246e-8	Jarvis GOT1 / AspAT and Goodman-Buckler GOT-like GWAS	C-N interface	AspAT x0.5	10	AspAT x0.5	AspAT x0.5
aspat_capacity_half	aspat_capacity_half.txt	asp_Thr	0	0.18968699315608356	Thr	Asp processes	0.1896870114350881	-1.3902391246494924e-7	Jarvis GOT1 / AspAT and Goodman-Buckler GOT-like GWAS	C-N interface	AspAT x0.5	10	AspAT x0.5	AspAT x0.5
aspat_capacity_half	aspat_capacity_half.txt	nh4_GLN	1	5.14016697464433e-4	Gln	N assimilation	5.162361628024267e-4	-0.006215981934766021	Jarvis GOT1 / AspAT and Goodman-Buckler GOT-like GWAS	C-N interface	AspAT x0.5	10	AspAT x0.5	AspAT x0.5
aspat_capacity_half	aspat_capacity_half.txt	nh4_GLU	1	0.00508062610203841	Glu	N assimilation	0.005132793114462577	-0.014737815614186344	Jarvis GOT1 / AspAT and Goodman-Buckler GOT-like GWAS	C-N interface	AspAT x0.5	10	AspAT x0.5	AspAT x0.5
aspat_capacity_half	aspat_capacity_half.txt	nh4_NH4	0.05	0.119999394205498	NH4	N assimilation	0.11881569193615592	0.014301737854854729	Jarvis GOT1 / AspAT and Goodman-Buckler GOT-like GWAS	C-N interface	AspAT x0.5	10	AspAT x0.5	AspAT x0.5
aspat_capacity_half	aspat_capacity_half.txt	pyr_pyruvate	1	0.35529225268922254	Pyruvate	Pyruvate / entry	0.35527865410955606	5.521927020273734e-5	Jarvis GOT1 / AspAT and Goodman-Buckler GOT-like GWAS	C-N interface	AspAT x0.5	10	AspAT x0.5	AspAT x0.5
aspat_capacity_half	aspat_capacity_half.txt	tca_akg	0.2	0.035195462710240766	2-OG	TCA / 2-OG	0.03550880507426684	-0.012787359189907126	Jarvis GOT1 / AspAT and Goodman-Buckler GOT-like GWAS	C-N interface	AspAT x0.5	10	AspAT x0.5	AspAT x0.5
aspat_capacity_half	aspat_capacity_half.txt	tca_oaa	0.004	0.0033864579162121147	OAA	TCA / 2-OG	0.0033876863481532176	-5.232403147139191e-4	Jarvis GOT1 / AspAT and Goodman-Buckler GOT-like GWAS	C-N interface	AspAT x0.5	10	AspAT x0.5	AspAT x0.5
aspat_capacity_x2	aspat_capacity_x2.txt	asp_Asp	1.5	0.2204834829304836	Asp	Asp processes	0.567947941498242	-1.3650881140790136	Jarvis GOT1 / AspAT and Goodman-Buckler GOT-like GWAS	C-N interface	AspAT x2	11	AspAT x2	AspAT x2
aspat_capacity_x2	aspat_capacity_x2.txt	asp_Ile	0	2.3707331506115763e-5	Ile	Asp processes	2.370729394711176e-5	2.2856317437315246e-6	Jarvis GOT1 / AspAT and Goodman-Buckler GOT-like GWAS	C-N interface	AspAT x2	11	AspAT x2	AspAT x2
aspat_capacity_x2	aspat_capacity_x2.txt	asp_Lys	0	3.8732261760386e-7	Lys	Asp processes	3.873231301054436e-7	-1.9089540898637344e-6	Jarvis GOT1 / AspAT and Goodman-Buckler GOT-like GWAS	C-N interface	AspAT x2	11	AspAT x2	AspAT x2
aspat_capacity_x2	aspat_capacity_x2.txt	asp_Thr	0	0.189686932645037	Thr	Asp processes	0.1896870114350881	-5.992505165827083e-7	Jarvis GOT1 / AspAT and Goodman-Buckler GOT-like GWAS	C-N interface	AspAT x2	11	AspAT x2	AspAT x2
aspat_capacity_x2	aspat_capacity_x2.txt	nh4_GLN	1	5.119538233660617e-4	Gln	N assimilation	5.162361628024267e-4	-0.01201751750720484	Jarvis GOT1 / AspAT and Goodman-Buckler GOT-like GWAS	C-N interface	AspAT x2	11	AspAT x2	AspAT x2
aspat_capacity_x2	aspat_capacity_x2.txt	nh4_GLU	1	0.005113997703438792	Glu	N assimilation	0.005132793114462577	-0.005292598856227856	Jarvis GOT1 / AspAT and Goodman-Buckler GOT-like GWAS	C-N interface	AspAT x2	11	AspAT x2	AspAT x2
aspat_capacity_x2	aspat_capacity_x2.txt	nh4_NH4	0.05	0.11800063565392084	NH4	N assimilation	0.11881569193615592	-0.009930753604299626	Jarvis GOT1 / AspAT and Goodman-Buckler GOT-like GWAS	C-N interface	AspAT x2	11	AspAT x2	AspAT x2
aspat_capacity_x2	aspat_capacity_x2.txt	pyr_pyruvate	1	0.35527889389313344	Pyruvate	Pyruvate / entry	0.35527865410955606	9.736989747098356e-7	Jarvis GOT1 / AspAT and Goodman-Buckler GOT-like GWAS	C-N interface	AspAT x2	11	AspAT x2	AspAT x2
aspat_capacity_x2	aspat_capacity_x2.txt	tca_akg	0.2	0.035844053813208494	2-OG	TCA / 2-OG	0.03550880507426684	0.01355699714750038	Jarvis GOT1 / AspAT and Goodman-Buckler GOT-like GWAS	C-N interface	AspAT x2	11	AspAT x2	AspAT x2
aspat_capacity_x2	aspat_capacity_x2.txt	tca_oaa	0.004	0.0033876513094294263	OAA	TCA / 2-OG	0.0033876863481532176	-1.4921822525537211e-5	Jarvis GOT1 / AspAT and Goodman-Buckler GOT-like GWAS	C-N interface	AspAT x2	11	AspAT x2	AspAT x2
baseline	baseline.txt	asp_Asp	1.5	0.567947941498242	Asp	Asp processes	0.567947941498242	0	NA	Baseline	Baseline	1	Baseline	Baseline
baseline	baseline.txt	asp_Ile	0	2.370729394711176e-5	Ile	Asp processes	2.370729394711176e-5	0	NA	Baseline	Baseline	1	Baseline	Baseline
baseline	baseline.txt	asp_Lys	0	3.873231301054436e-7	Lys	Asp processes	3.873231301054436e-7	0	NA	Baseline	Baseline	1	Baseline	Baseline
baseline	baseline.txt	asp_Thr	0	0.1896870114350881	Thr	Asp processes	0.1896870114350881	0	NA	Baseline	Baseline	1	Baseline	Baseline
baseline	baseline.txt	nh4_GLN	1	5.162361628024267e-4	Gln	N assimilation	5.162361628024267e-4	0	NA	Baseline	Baseline	1	Baseline	Baseline
baseline	baseline.txt	nh4_GLU	1	0.005132793114462577	Glu	N assimilation	0.005132793114462577	0	NA	Baseline	Baseline	1	Baseline	Baseline
baseline	baseline.txt	nh4_NH4	0.05	0.11881569193615592	NH4	N assimilation	0.11881569193615592	0	NA	Baseline	Baseline	1	Baseline	Baseline
baseline	baseline.txt	pyr_pyruvate	1	0.35527865410955606	Pyruvate	Pyruvate / entry	0.35527865410955606	0	NA	Baseline	Baseline	1	Baseline	Baseline
baseline	baseline.txt	tca_akg	0.2	0.03550880507426684	2-OG	TCA / 2-OG	0.03550880507426684	0	NA	Baseline	Baseline	1	Baseline	Baseline
baseline	baseline.txt	tca_oaa	0.004	0.0033876863481532176	OAA	TCA / 2-OG	0.0033876863481532176	0	NA	Baseline	Baseline	1	Baseline	Baseline
glu_half	glu_half.txt	asp_Asp	1.5	0.5688862806127953	Asp	Asp processes	0.567947941498242	0.0023815917366503507	Glu/Gln transport proxy	Glu/Gln pool state	Glu pool x0.5	18	Glu pool x0.5	Glu pool x0.5
glu_half	glu_half.txt	asp_Ile	0	2.3707311599311063e-5	Ile	Asp processes	2.370729394711176e-5	1.0742149608318589e-6	Glu/Gln transport proxy	Glu/Gln pool state	Glu pool x0.5	18	Glu pool x0.5	Glu pool x0.5
glu_half	glu_half.txt	asp_Lys	0	3.873230892206364e-7	Lys	Asp processes	3.873231301054436e-7	-1.5228669520691932e-7	Glu/Gln transport proxy	Glu/Gln pool state	Glu pool x0.5	18	Glu pool x0.5	Glu pool x0.5
glu_half	glu_half.txt	asp_Thr	0	0.1896870233402892	Thr	Asp processes	0.1896870114350881	9.054691670238187e-8	Glu/Gln transport proxy	Glu/Gln pool state	Glu pool x0.5	18	Glu pool x0.5	Glu pool x0.5
glu_half	glu_half.txt	nh4_GLN	1	5.170148908613098e-4	Gln	N assimilation	5.162361628024267e-4	0.0021746260317066003	Glu/Gln transport proxy	Glu/Gln pool state	Glu pool x0.5	18	Glu pool x0.5	Glu pool x0.5
glu_half	glu_half.txt	nh4_GLU	0.5	0.0051257240272217465	Glu	N assimilation	0.005132793114462577	-0.0019883066094984114	Glu/Gln transport proxy	Glu/Gln pool state	Glu pool x0.5	18	Glu pool x0.5	Glu pool x0.5
glu_half	glu_half.txt	nh4_NH4	0.05	0.11935644523849762	NH4	N assimilation	0.11881569193615592	0.0065510891189148115	Glu/Gln transport proxy	Glu/Gln pool state	Glu pool x0.5	18	Glu pool x0.5	Glu pool x0.5
glu_half	glu_half.txt	pyr_pyruvate	1	0.3552818850015179	Pyruvate	Pyruvate / entry	0.35527865410955606	1.3119759836114729e-5	Glu/Gln transport proxy	Glu/Gln pool state	Glu pool x0.5	18	Glu pool x0.5	Glu pool x0.5
glu_half	glu_half.txt	tca_akg	0.2	0.035327931578693766	2-OG	TCA / 2-OG	0.03550880507426684	-0.007367529180982394	Glu/Gln transport proxy	Glu/Gln pool state	Glu pool x0.5	18	Glu pool x0.5	Glu pool x0.5
glu_half	glu_half.txt	tca_oaa	0.004	0.003387397863572959	OAA	TCA / 2-OG	0.0033876863481532176	-1.2286054621144963e-4	Glu/Gln transport proxy	Glu/Gln pool state	Glu pool x0.5	18	Glu pool x0.5	Glu pool x0.5
gs_gogat_half	gs_gogat_half.txt	asp_Asp	1.5	0.5716935789190948	Asp	Asp processes	0.567947941498242	0.009483389106392686	Indian Chief GS plus GDH/Glu-Gln module	N assimilation and reassimilation	GS + GOGAT x0.5	6	GS + GOGAT x0.5	GS + GOGAT x0.5
gs_gogat_half	gs_gogat_half.txt	asp_Ile	0	2.370733682834595e-5	Ile	Asp processes	2.370729394711176e-5	2.6095127304429783e-6	Indian Chief GS plus GDH/Glu-Gln module	N assimilation and reassimilation	GS + GOGAT x0.5	6	GS + GOGAT x0.5	GS + GOGAT x0.5
gs_gogat_half	gs_gogat_half.txt	asp_Lys	0	3.873223860613708e-7	Lys	Asp processes	3.873231301054436e-7	-2.7713990470841623e-6	Indian Chief GS plus GDH/Glu-Gln module	N assimilation and reassimilation	GS + GOGAT x0.5	6	GS + GOGAT x0.5	GS + GOGAT x0.5
gs_gogat_half	gs_gogat_half.txt	asp_Thr	0	0.1896868556109612	Thr	Asp processes	0.1896870114350881	-1.1851459187823332e-6	Indian Chief GS plus GDH/Glu-Gln module	N assimilation and reassimilation	GS + GOGAT x0.5	6	GS + GOGAT x0.5	GS + GOGAT x0.5
gs_gogat_half	gs_gogat_half.txt	nh4_GLN	1	3.4974568452520805e-4	Gln	N assimilation	5.162361628024267e-4	-0.5617249494731964	Indian Chief GS plus GDH/Glu-Gln module	N assimilation and reassimilation	GS + GOGAT x0.5	6	GS + GOGAT x0.5	GS + GOGAT x0.5
gs_gogat_half	gs_gogat_half.txt	nh4_GLU	1	0.005809592019842384	Glu	N assimilation	0.005132793114462577	0.1786927419473775	Indian Chief GS plus GDH/Glu-Gln module	N assimilation and reassimilation	GS + GOGAT x0.5	6	GS + GOGAT x0.5	GS + GOGAT x0.5
gs_gogat_half	gs_gogat_half.txt	nh4_NH4	0.05	0.14172290141050328	NH4	N assimilation	0.11881569193615592	0.2543475215043488	Indian Chief GS plus GDH/Glu-Gln module	N assimilation and reassimilation	GS + GOGAT x0.5	6	GS + GOGAT x0.5	GS + GOGAT x0.5
gs_gogat_half	gs_gogat_half.txt	pyr_pyruvate	1	0.3553288127375236	Pyruvate	Pyruvate / entry	0.35527865410955606	2.0366688311785025e-4	Indian Chief GS plus GDH/Glu-Gln module	N assimilation and reassimilation	GS + GOGAT x0.5	6	GS + GOGAT x0.5	GS + GOGAT x0.5
gs_gogat_half	gs_gogat_half.txt	tca_akg	0.2	0.03289140768161109	2-OG	TCA / 2-OG	0.03550880507426684	-0.11046605852839932	Indian Chief GS plus GDH/Glu-Gln module	N assimilation and reassimilation	GS + GOGAT x0.5	6	GS + GOGAT x0.5	GS + GOGAT x0.5
gs_gogat_half	gs_gogat_half.txt	tca_oaa	0.004	0.003383189376865722	OAA	TCA / 2-OG	0.0033876863481532176	-0.0019163722363259841	Indian Chief GS plus GDH/Glu-Gln module	N assimilation and reassimilation	GS + GOGAT x0.5	6	GS + GOGAT x0.5	GS + GOGAT x0.5
kbiosyn_half	kbiosyn_half.txt	asp_Asp	1.5	0.567269502694304	Asp	Asp processes	0.567947941498242	-0.001724392836844931	Biosynthetic 2-OG drain proxy	2-OG / TCA competition	2-OG sink x0.5	16	2-OG sink x0.5	2-OG sink x0.5
kbiosyn_half	kbiosyn_half.txt	asp_Ile	0	2.3707334062166e-5	Ile	Asp processes	2.370729394711176e-5	2.4411785901056213e-6	Biosynthetic 2-OG drain proxy	2-OG / TCA competition	2-OG sink x0.5	16	2-OG sink x0.5	2-OG sink x0.5
kbiosyn_half	kbiosyn_half.txt	asp_Lys	0	3.873223524292881e-7	Lys	Asp processes	3.873231301054436e-7	-2.896671216985498e-6	Biosynthetic 2-OG drain proxy	2-OG / TCA competition	2-OG sink x0.5	16	2-OG sink x0.5	2-OG sink x0.5
kbiosyn_half	kbiosyn_half.txt	asp_Thr	0	0.1896868533932343	Thr	Asp processes	0.1896870114350881	-1.2020132110836687e-6	Biosynthetic 2-OG drain proxy	2-OG / TCA competition	2-OG sink x0.5	16	2-OG sink x0.5	2-OG sink x0.5
kbiosyn_half	kbiosyn_half.txt	nh4_GLN	1	5.154489865599645e-4	Gln	N assimilation	5.162361628024267e-4	-0.0022015543796235553	Biosynthetic 2-OG drain proxy	2-OG / TCA competition	2-OG sink x0.5	16	2-OG sink x0.5	2-OG sink x0.5
kbiosyn_half	kbiosyn_half.txt	nh4_GLU	1	0.005140396757258172	Glu	N assimilation	0.005132793114462577	0.002135605375129461	Biosynthetic 2-OG drain proxy	2-OG / TCA competition	2-OG sink x0.5	16	2-OG sink x0.5	2-OG sink x0.5
kbiosyn_half	kbiosyn_half.txt	nh4_NH4	0.05	0.11825746078821411	NH4	N assimilation	0.11881569193615592	-0.006794179669747959	Biosynthetic 2-OG drain proxy	2-OG / TCA competition	2-OG sink x0.5	16	2-OG sink x0.5	2-OG sink x0.5
kbiosyn_half	kbiosyn_half.txt	pyr_pyruvate	1	0.3552753147622508	Pyruvate	Pyruvate / entry	0.35527865410955606	-1.3560292414442134e-5	Biosynthetic 2-OG drain proxy	2-OG / TCA competition	2-OG sink x0.5	16	2-OG sink x0.5	2-OG sink x0.5
kbiosyn_half	kbiosyn_half.txt	tca_akg	0.2	0.035698758769944494	2-OG	TCA / 2-OG	0.03550880507426684	0.007697100981957181	Biosynthetic 2-OG drain proxy	2-OG / TCA competition	2-OG sink x0.5	16	2-OG sink x0.5	2-OG sink x0.5
kbiosyn_half	kbiosyn_half.txt	tca_oaa	0.004	0.0033879845848288465	OAA	TCA / 2-OG	0.0033876863481532176	1.270027949550959e-4	Biosynthetic 2-OG drain proxy	2-OG / TCA competition	2-OG sink x0.5	16	2-OG sink x0.5	2-OG sink x0.5
kbiosyn_x2	kbiosyn_x2.txt	asp_Asp	1.5	0.569305613368327	Asp	Asp processes	0.567947941498242	0.0034446274469859947	Biosynthetic 2-OG drain proxy	2-OG / TCA competition	2-OG sink x2	17	2-OG sink x2	2-OG sink x2
kbiosyn_x2	kbiosyn_x2.txt	asp_Ile	0	2.370728613200722e-5	Ile	Asp processes	2.370729394711176e-5	-4.755841798241092e-7	Biosynthetic 2-OG drain proxy	2-OG / TCA competition	2-OG sink x2	17	2-OG sink x2	2-OG sink x2
kbiosyn_x2	kbiosyn_x2.txt	asp_Lys	0	3.873230433539039e-7	Lys	Asp processes	3.873231301054436e-7	-3.231299586578839e-7	Biosynthetic 2-OG drain proxy	2-OG / TCA competition	2-OG sink x2	17	2-OG sink x2	2-OG sink x2
kbiosyn_x2	kbiosyn_x2.txt	asp_Thr	0	0.18968697186494807	Thr	Asp processes	0.1896870114350881	-3.009570887831095e-7	Biosynthetic 2-OG drain proxy	2-OG / TCA competition	2-OG sink x2	17	2-OG sink x2	2-OG sink x2
kbiosyn_x2	kbiosyn_x2.txt	nh4_GLN	1	5.178041176282156e-4	Gln	N assimilation	5.162361628024267e-4	0.004375230682326766	Biosynthetic 2-OG drain proxy	2-OG / TCA competition	2-OG sink x2	17	2-OG sink x2	2-OG sink x2
kbiosyn_x2	kbiosyn_x2.txt	nh4_GLU	1	0.00511755974109136	Glu	N assimilation	0.005132793114462577	-0.004288072557803917	Biosynthetic 2-OG drain proxy	2-OG / TCA competition	2-OG sink x2	17	2-OG sink x2	2-OG sink x2
kbiosyn_x2	kbiosyn_x2.txt	nh4_NH4	0.05	0.11994342288241149	NH4	N assimilation	0.11881569193615592	0.013628664556033713	Biosynthetic 2-OG drain proxy	2-OG / TCA competition	2-OG sink x2	17	2-OG sink x2	2-OG sink x2
kbiosyn_x2	kbiosyn_x2.txt	pyr_pyruvate	1	0.35528542459655144	Pyruvate	Pyruvate / entry	0.35527865410955606	2.7492940624632085e-5	Biosynthetic 2-OG drain proxy	2-OG / TCA competition	2-OG sink x2	17	2-OG sink x2	2-OG sink x2
kbiosyn_x2	kbiosyn_x2.txt	tca_akg	0.2	0.03513129393314186	2-OG	TCA / 2-OG	0.03550880507426684	-0.015420098323846068	Biosynthetic 2-OG drain proxy	2-OG / TCA competition	2-OG sink x2	17	2-OG sink x2	2-OG sink x2
kbiosyn_x2	kbiosyn_x2.txt	tca_oaa	0.004	0.003387081378648396	OAA	TCA / 2-OG	0.0033876863481532176	-2.576579867393849e-4	Biosynthetic 2-OG drain proxy	2-OG / TCA competition	2-OG sink x2	17	2-OG sink x2	2-OG sink x2
kdh_capacity_half	kdh_capacity_half.txt	asp_Asp	1.5	0.30477092055888333	Asp	Asp processes	0.567947941498242	-0.8980334414027634	TCA competition proxy	2-OG / TCA competition	KDH drain x0.5	14	KDH drain x0.5	KDH drain x0.5
kdh_capacity_half	kdh_capacity_half.txt	asp_Ile	0	2.370729555698548e-5	Ile	Asp processes	2.370729394711176e-5	9.796802018560856e-8	TCA competition proxy	2-OG / TCA competition	KDH drain x0.5	14	KDH drain x0.5	KDH drain x0.5
kdh_capacity_half	kdh_capacity_half.txt	asp_Lys	0	3.873230746372663e-7	Lys	Asp processes	3.873231301054436e-7	-2.0660646695892093e-7	TCA competition proxy	2-OG / TCA competition	KDH drain x0.5	14	KDH drain x0.5	KDH drain x0.5
kdh_capacity_half	kdh_capacity_half.txt	asp_Thr	0	0.18968699387728247	Thr	Asp processes	0.1896870114350881	-1.3353871773961196e-7	TCA competition proxy	2-OG / TCA competition	KDH drain x0.5	14	KDH drain x0.5	KDH drain x0.5
kdh_capacity_half	kdh_capacity_half.txt	nh4_GLN	1	3.898213127460335e-4	Gln	N assimilation	5.162361628024267e-4	-0.4052182367504007	TCA competition proxy	2-OG / TCA competition	KDH drain x0.5	14	KDH drain x0.5	KDH drain x0.5
kdh_capacity_half	kdh_capacity_half.txt	nh4_GLU	1	0.005941169184636781	Glu	N assimilation	0.005132793114462577	0.2110027606548117	TCA competition proxy	2-OG / TCA competition	KDH drain x0.5	14	KDH drain x0.5	KDH drain x0.5
kdh_capacity_half	kdh_capacity_half.txt	nh4_NH4	0.05	0.06708453941336487	NH4	N assimilation	0.11881569193615592	-0.8246731645658972	TCA competition proxy	2-OG / TCA competition	KDH drain x0.5	14	KDH drain x0.5	KDH drain x0.5
kdh_capacity_half	kdh_capacity_half.txt	pyr_pyruvate	1	0.3552867006161901	Pyruvate	Pyruvate / entry	0.35527865410955606	3.267441943432667e-5	TCA competition proxy	2-OG / TCA competition	KDH drain x0.5	14	KDH drain x0.5	KDH drain x0.5
kdh_capacity_half	kdh_capacity_half.txt	tca_akg	0.2	0.06949009600766488	2-OG	TCA / 2-OG	0.03550880507426684	0.9686305618168773	TCA competition proxy	2-OG / TCA competition	KDH drain x0.5	14	KDH drain x0.5	KDH drain x0.5
kdh_capacity_half	kdh_capacity_half.txt	tca_oaa	0.004	0.003385424003809475	OAA	TCA / 2-OG	0.0033876863481532176	-9.637737808222211e-4	TCA competition proxy	2-OG / TCA competition	KDH drain x0.5	14	KDH drain x0.5	KDH drain x0.5
kdh_capacity_x2	kdh_capacity_x2.txt	asp_Asp	1.5	0.7992374989621844	Asp	Asp processes	0.567947941498242	0.4928655763289356	TCA competition proxy	2-OG / TCA competition	KDH drain x2	15	KDH drain x2	KDH drain x2
kdh_capacity_x2	kdh_capacity_x2.txt	asp_Ile	0	2.3707326314931705e-5	Ile	Asp processes	2.370729394711176e-5	1.9697254176059027e-6	TCA competition proxy	2-OG / TCA competition	KDH drain x2	15	KDH drain x2	KDH drain x2
kdh_capacity_x2	kdh_capacity_x2.txt	asp_Lys	0	3.873225488436543e-7	Lys	Asp processes	3.873231301054436e-7	-2.1650707118995867e-6	TCA competition proxy	2-OG / TCA competition	KDH drain x2	15	KDH drain x2	KDH drain x2
kdh_capacity_x2	kdh_capacity_x2.txt	asp_Thr	0	0.1896869147377462	Thr	Asp processes	0.1896870114350881	-7.354473567082405e-7	TCA competition proxy	2-OG / TCA competition	KDH drain x2	15	KDH drain x2	KDH drain x2
kdh_capacity_x2	kdh_capacity_x2.txt	nh4_GLN	1	6.003657456167416e-4	Gln	N assimilation	5.162361628024267e-4	0.21781045766772272	TCA competition proxy	2-OG / TCA competition	KDH drain x2	15	KDH drain x2	KDH drain x2
kdh_capacity_x2	kdh_capacity_x2.txt	nh4_GLU	1	0.004479529686717633	Glu	N assimilation	0.005132793114462577	-0.19639684224096832	TCA competition proxy	2-OG / TCA competition	KDH drain x2	15	KDH drain x2	KDH drain x2
kdh_capacity_x2	kdh_capacity_x2.txt	nh4_NH4	0.05	0.2037162044656169	NH4	N assimilation	0.11881569193615592	0.7778353582285958	TCA competition proxy	2-OG / TCA competition	KDH drain x2	15	KDH drain x2	KDH drain x2
kdh_capacity_x2	kdh_capacity_x2.txt	pyr_pyruvate	1	0.35524870512464873	Pyruvate	Pyruvate / entry	0.35527865410955606	-1.2162023451850184e-4	TCA competition proxy	2-OG / TCA competition	KDH drain x2	15	KDH drain x2	KDH drain x2
kdh_capacity_x2	kdh_capacity_x2.txt	tca_akg	0.2	0.020323087453231203	2-OG	TCA / 2-OG	0.03550880507426684	-0.8050572213996559	TCA competition proxy	2-OG / TCA competition	KDH drain x2	15	KDH drain x2	KDH drain x2
kdh_capacity_x2	kdh_capacity_x2.txt	tca_oaa	0.004	0.0033911327988430497	OAA	TCA / 2-OG	0.0033876863481532176	0.0014669745977919047	TCA competition proxy	2-OG / TCA competition	KDH drain x2	15	KDH drain x2	KDH drain x2
n_sink_both_0p5	n_sink_both_0p5.txt	asp_Asp	1.5	0.5680391745949634	Asp	Asp processes	0.567947941498242	2.317306853625175e-4	Reduced GLU+GLN demand sink	N assimilation and reassimilation	Reduced N demand x0.5	36	Reduced N demand x0.5	Reduced N demand x0.5
n_sink_both_0p5	n_sink_both_0p5.txt	asp_Ile	0	2.3707312764318613e-5	Ile	Asp processes	2.370729394711176e-5	1.1451108316931703e-6	Reduced GLU+GLN demand sink	N assimilation and reassimilation	Reduced N demand x0.5	36	Reduced N demand x0.5	Reduced N demand x0.5
n_sink_both_0p5	n_sink_both_0p5.txt	asp_Lys	0	3.8732280270609874e-7	Lys	Asp processes	3.873231301054436e-7	-1.2194892446681357e-6	Reduced GLU+GLN demand sink	N assimilation and reassimilation	Reduced N demand x0.5	36	Reduced N demand x0.5	Reduced N demand x0.5
n_sink_both_0p5	n_sink_both_0p5.txt	asp_Thr	0	0.1896869630296341	Thr	Asp processes	0.1896870114350881	-3.681555043474487e-7	Reduced GLU+GLN demand sink	N assimilation and reassimilation	Reduced N demand x0.5	36	Reduced N demand x0.5	Reduced N demand x0.5
n_sink_both_0p5	n_sink_both_0p5.txt	nh4_GLN	1	0.0013459957952174264	Gln	N assimilation	5.162361628024267e-4	1.3825707892138268	Reduced GLU+GLN demand sink	N assimilation and reassimilation	Reduced N demand x0.5	36	Reduced N demand x0.5	Reduced N demand x0.5
n_sink_both_0p5	n_sink_both_0p5.txt	nh4_GLU	1	0.008968786150362545	Glu	N assimilation	0.005132793114462577	0.8051686300574238	Reduced GLU+GLN demand sink	N assimilation and reassimilation	Reduced N demand x0.5	36	Reduced N demand x0.5	Reduced N demand x0.5
n_sink_both_0p5	n_sink_both_0p5.txt	nh4_NH4	0.05	0.0950145394145724	NH4	N assimilation	0.11881569193615592	-0.3225051837742486	Reduced GLU+GLN demand sink	N assimilation and reassimilation	Reduced N demand x0.5	36	Reduced N demand x0.5	Reduced N demand x0.5
n_sink_both_0p5	n_sink_both_0p5.txt	pyr_pyruvate	1	0.35524570653103826	Pyruvate	Pyruvate / entry	0.35527865410955606	-1.337978282068225e-4	Reduced GLU+GLN demand sink	N assimilation and reassimilation	Reduced N demand x0.5	36	Reduced N demand x0.5	Reduced N demand x0.5
n_sink_both_0p5	n_sink_both_0p5.txt	tca_akg	0.2	0.03753053075924386	2-OG	TCA / 2-OG	0.03550880507426684	0.07988788077982832	Reduced GLU+GLN demand sink	N assimilation and reassimilation	Reduced N demand x0.5	36	Reduced N demand x0.5	Reduced N demand x0.5
n_sink_both_0p5	n_sink_both_0p5.txt	tca_oaa	0.004	0.0033906287246113598	OAA	TCA / 2-OG	0.0033876863481532176	0.0012525095527119838	Reduced GLU+GLN demand sink	N assimilation and reassimilation	Reduced N demand x0.5	36	Reduced N demand x0.5	Reduced N demand x0.5
n_sink_both_0p75	n_sink_both_0p75.txt	asp_Asp	1.5	0.5673650934095945	Asp	Asp processes	0.567947941498242	-0.0014813044422124293	Reduced GLU+GLN demand sink	N assimilation and reassimilation	Reduced N demand x0.75	37	Reduced N demand x0.75	Reduced N demand x0.75
n_sink_both_0p75	n_sink_both_0p75.txt	asp_Ile	0	2.3707302254007025e-5	Ile	Asp processes	2.370729394711176e-5	5.055116802950549e-7	Reduced GLU+GLN demand sink	N assimilation and reassimilation	Reduced N demand x0.75	37	Reduced N demand x0.75	Reduced N demand x0.75
n_sink_both_0p75	n_sink_both_0p75.txt	asp_Lys	0	3.873229680574597e-7	Lys	Asp processes	3.873231301054436e-7	-6.035923235084972e-7	Reduced GLU+GLN demand sink	N assimilation and reassimilation	Reduced N demand x0.75	37	Reduced N demand x0.75	Reduced N demand x0.75
n_sink_both_0p75	n_sink_both_0p75.txt	asp_Thr	0	0.18968698427053968	Thr	Asp processes	0.1896870114350881	-2.0660435205644026e-7	Reduced GLU+GLN demand sink	N assimilation and reassimilation	Reduced N demand x0.75	37	Reduced N demand x0.75	Reduced N demand x0.75
n_sink_both_0p75	n_sink_both_0p75.txt	nh4_GLN	1	7.801119933997793e-4	Gln	N assimilation	5.162361628024267e-4	0.5956500451204139	Reduced GLU+GLN demand sink	N assimilation and reassimilation	Reduced N demand x0.75	37	Reduced N demand x0.75	Reduced N demand x0.75
n_sink_both_0p75	n_sink_both_0p75.txt	nh4_GLU	1	0.006465934282466862	Glu	N assimilation	0.005132793114462577	0.3331147328633916	Reduced GLU+GLN demand sink	N assimilation and reassimilation	Reduced N demand x0.75	37	Reduced N demand x0.75	Reduced N demand x0.75
n_sink_both_0p75	n_sink_both_0p75.txt	nh4_NH4	0.05	0.10900522423104898	NH4	N assimilation	0.11881569193615592	-0.12432810494058455	Reduced GLU+GLN demand sink	N assimilation and reassimilation	Reduced N demand x0.75	37	Reduced N demand x0.75	Reduced N demand x0.75
n_sink_both_0p75	n_sink_both_0p75.txt	pyr_pyruvate	1	0.3552619714733544	Pyruvate	Pyruvate / entry	0.35527865410955606	-6.774547620461957e-5	Reduced GLU+GLN demand sink	N assimilation and reassimilation	Reduced N demand x0.75	37	Reduced N demand x0.75	Reduced N demand x0.75
n_sink_both_0p75	n_sink_both_0p75.txt	tca_akg	0.2	0.03649805483363784	2-OG	TCA / 2-OG	0.03550880507426684	0.03964276523250853	Reduced GLU+GLN demand sink	N assimilation and reassimilation	Reduced N demand x0.75	37	Reduced N demand x0.75	Reduced N demand x0.75
n_sink_both_0p75	n_sink_both_0p75.txt	tca_oaa	0.004	0.00338917728139512	OAA	TCA / 2-OG	0.0033876863481532176	6.347957244053523e-4	Reduced GLU+GLN demand sink	N assimilation and reassimilation	Reduced N demand x0.75	37	Reduced N demand x0.75	Reduced N demand x0.75
n_sink_gln_0p75	n_sink_gln_0p75.txt	asp_Asp	1.5	0.5738146524648242	Asp	Asp processes	0.567947941498242	0.014826110702235338	NA	Additional scenarios	GLN demand x0.75	38	GLN demand x0.75	GLN demand x0.75
n_sink_gln_0p75	n_sink_gln_0p75.txt	asp_Ile	0	2.3707313088505163e-5	Ile	Asp processes	2.370729394711176e-5	1.1648390190372813e-6	NA	Additional scenarios	GLN demand x0.75	38	GLN demand x0.75	GLN demand x0.75
n_sink_gln_0p75	n_sink_gln_0p75.txt	asp_Lys	0	3.873227692332026e-7	Lys	Asp processes	3.873231301054436e-7	-1.3441683451971946e-6	NA	Additional scenarios	GLN demand x0.75	38	GLN demand x0.75	GLN demand x0.75
n_sink_gln_0p75	n_sink_gln_0p75.txt	asp_Thr	0	0.1896869499630284	Thr	Asp processes	0.1896870114350881	-4.675357020057735e-7	NA	Additional scenarios	GLN demand x0.75	38	GLN demand x0.75	GLN demand x0.75
n_sink_gln_0p75	n_sink_gln_0p75.txt	nh4_GLN	1	6.673854423279559e-4	Gln	N assimilation	5.162361628024267e-4	0.37048900969511184	NA	Additional scenarios	GLN demand x0.75	38	GLN demand x0.75	GLN demand x0.75
n_sink_gln_0p75	n_sink_gln_0p75.txt	nh4_GLU	1	0.005179005269834708	Glu	N assimilation	0.005132793114462577	0.012930914903283783	NA	Additional scenarios	GLN demand x0.75	38	GLN demand x0.75	GLN demand x0.75
n_sink_gln_0p75	n_sink_gln_0p75.txt	nh4_NH4	0.05	0.12224396247308296	NH4	N assimilation	0.11881569193615592	0.041037828615923484	NA	Additional scenarios	GLN demand x0.75	38	GLN demand x0.75	GLN demand x0.75
n_sink_gln_0p75	n_sink_gln_0p75.txt	pyr_pyruvate	1	0.3553030547629805	Pyruvate	Pyruvate / entry	0.35527865410955606	9.908136183102025e-5	NA	Additional scenarios	GLN demand x0.75	38	GLN demand x0.75	GLN demand x0.75
n_sink_gln_0p75	n_sink_gln_0p75.txt	tca_akg	0.2	0.03419040479017182	2-OG	TCA / 2-OG	0.03550880507426684	-0.054585308914413246	NA	Additional scenarios	GLN demand x0.75	38	GLN demand x0.75	GLN demand x0.75
n_sink_gln_0p75	n_sink_gln_0p75.txt	tca_oaa	0.004	0.003385504373162647	OAA	TCA / 2-OG	0.0033876863481532176	-9.29524868183792e-4	NA	Additional scenarios	GLN demand x0.75	38	GLN demand x0.75	GLN demand x0.75
n_sink_glu_0p75	n_sink_glu_0p75.txt	asp_Asp	1.5	0.5611756894279208	Asp	Asp processes	0.567947941498242	-0.017306185735171113	NA	Additional scenarios	GLU demand x0.75	39	GLU demand x0.75	GLU demand x0.75
n_sink_glu_0p75	n_sink_glu_0p75.txt	asp_Ile	0	2.3707303131643764e-5	Ile	Asp processes	2.370729394711176e-5	5.589197856642696e-7	NA	Additional scenarios	GLU demand x0.75	39	GLU demand x0.75	GLU demand x0.75
n_sink_glu_0p75	n_sink_glu_0p75.txt	asp_Lys	0	3.8732312043010315e-7	Lys	Asp processes	3.873231301054436e-7	-3.60384618051792e-8	NA	Additional scenarios	GLU demand x0.75	39	GLU demand x0.75	GLU demand x0.75
n_sink_glu_0p75	n_sink_glu_0p75.txt	asp_Thr	0	0.18968702410228264	Thr	Asp processes	0.1896870114350881	9.634238000993405e-8	NA	Additional scenarios	GLU demand x0.75	39	GLU demand x0.75	GLU demand x0.75
n_sink_glu_0p75	n_sink_glu_0p75.txt	nh4_GLN	1	6.029347952822208e-4	Gln	N assimilation	5.162361628024267e-4	0.22397078206141163	NA	Additional scenarios	GLU demand x0.75	39	GLU demand x0.75	GLU demand x0.75
n_sink_glu_0p75	n_sink_glu_0p75.txt	nh4_GLU	1	0.006388439694294376	Glu	N assimilation	0.005132793114462577	0.31571950027961065	NA	Additional scenarios	GLU demand x0.75	39	GLU demand x0.75	GLU demand x0.75
n_sink_glu_0p75	n_sink_glu_0p75.txt	nh4_NH4	0.05	0.10613822478604353	NH4	N assimilation	0.11881569193615592	-0.1627810605390373	NA	Additional scenarios	GLU demand x0.75	39	GLU demand x0.75	GLU demand x0.75
n_sink_glu_0p75	n_sink_glu_0p75.txt	pyr_pyruvate	1	0.3552390932813544	Pyruvate	Pyruvate / entry	0.35527865410955606	-1.6065527125370981e-4	NA	Additional scenarios	GLU demand x0.75	39	GLU demand x0.75	GLU demand x0.75
n_sink_glu_0p75	n_sink_glu_0p75.txt	tca_akg	0.2	0.03794517949191287	2-OG	TCA / 2-OG	0.03550880507426684	0.09573980683177136	NA	Additional scenarios	GLU demand x0.75	39	GLU demand x0.75	GLU demand x0.75
n_sink_glu_0p75	n_sink_glu_0p75.txt	tca_oaa	0.004	0.003391214165079418	OAA	TCA / 2-OG	0.0033876863481532176	0.001501589950353215	NA	Additional scenarios	GLU demand x0.75	39	GLU demand x0.75	GLU demand x0.75
nh4_half	nh4_half.txt	asp_Asp	1.5	0.5162889976611146	Asp	Asp processes	0.567947941498242	-0.13757984338319315	Indian Chief ammonium transporter / N-supply proxy	N supply and transport	External N x0.5	2	External N x0.5	External N x0.5
nh4_half	nh4_half.txt	asp_Ile	0	2.3707271865062352e-5	Ile	Asp processes	2.370729394711176e-5	-1.3437921991473936e-6	Indian Chief ammonium transporter / N-supply proxy	N supply and transport	External N x0.5	2	External N x0.5	External N x0.5
nh4_half	nh4_half.txt	asp_Lys	0	3.8732332734303437e-7	Lys	Asp processes	3.873231301054436e-7	7.346653603835887e-7	Indian Chief ammonium transporter / N-supply proxy	N supply and transport	External N x0.5	2	External N x0.5	External N x0.5
nh4_half	nh4_half.txt	asp_Thr	0	0.1896870415435192	Thr	Asp processes	0.1896870114350881	2.2899449180830215e-7	Indian Chief ammonium transporter / N-supply proxy	N supply and transport	External N x0.5	2	External N x0.5	External N x0.5
nh4_half	nh4_half.txt	nh4_GLN	1	3.005917939118561e-4	Gln	N assimilation	5.162361628024267e-4	-0.780225580495088	Indian Chief ammonium transporter / N-supply proxy	N supply and transport	External N x0.5	2	External N x0.5	External N x0.5
nh4_half	nh4_half.txt	nh4_GLU	1	0.004527678580941593	Glu	N assimilation	0.005132793114462577	-0.18097256637030146	Indian Chief ammonium transporter / N-supply proxy	N supply and transport	External N x0.5	2	External N x0.5	External N x0.5
nh4_half	nh4_half.txt	nh4_NH4	0.05	0.06286314797051762	NH4	N assimilation	0.11881569193615592	-0.9184389605399649	Indian Chief ammonium transporter / N-supply proxy	N supply and transport	External N x0.5	2	External N x0.5	External N x0.5
nh4_half	nh4_half.txt	pyr_pyruvate	1	0.35507497071138305	Pyruvate	Pyruvate / entry	0.35527865410955606	-8.273429633926347e-4	Indian Chief ammonium transporter / N-supply proxy	N supply and transport	External N x0.5	2	External N x0.5	External N x0.5
nh4_half	nh4_half.txt	tca_akg	0.2	0.053813249287264914	2-OG	TCA / 2-OG	0.03550880507426684	0.5997846082199173	Indian Chief ammonium transporter / N-supply proxy	N supply and transport	External N x0.5	2	External N x0.5	External N x0.5
nh4_half	nh4_half.txt	tca_oaa	0.004	0.0034056062263964418	OAA	TCA / 2-OG	0.0033876863481532176	0.007611325185470067	Indian Chief ammonium transporter / N-supply proxy	N supply and transport	External N x0.5	2	External N x0.5	External N x0.5
nh4_x2	nh4_x2.txt	asp_Asp	1.5	0.6131440556535651	Asp	Asp processes	0.567947941498242	0.11046737159484574	Indian Chief ammonium transporter / N-supply proxy	N supply and transport	External N x2	3	External N x2	External N x2
nh4_x2	nh4_x2.txt	asp_Ile	0	2.3707322216923467e-5	Ile	Asp processes	2.370729394711176e-5	1.72034358749858e-6	Indian Chief ammonium transporter / N-supply proxy	N supply and transport	External N x2	3	External N x2	External N x2
nh4_x2	nh4_x2.txt	asp_Lys	0	3.873227727940265e-7	Lys	Asp processes	3.873231301054436e-7	-1.330905066819303e-6	Indian Chief ammonium transporter / N-supply proxy	N supply and transport	External N x2	3	External N x2	External N x2
nh4_x2	nh4_x2.txt	asp_Thr	0	0.18968693091134084	Thr	Asp processes	0.1896870114350881	-6.124364267326666e-7	Indian Chief ammonium transporter / N-supply proxy	N supply and transport	External N x2	3	External N x2	External N x2
nh4_x2	nh4_x2.txt	nh4_GLN	1	7.025185369832319e-4	Gln	N assimilation	5.162361628024267e-4	0.44450508567922303	Indian Chief ammonium transporter / N-supply proxy	N supply and transport	External N x2	3	External N x2	External N x2
nh4_x2	nh4_x2.txt	nh4_GLU	1	0.005168944103783777	Glu	N assimilation	0.005132793114462577	0.010125489709501393	Indian Chief ammonium transporter / N-supply proxy	N supply and transport	External N x2	3	External N x2	External N x2
nh4_x2	nh4_x2.txt	nh4_NH4	0.05	0.2194215834837094	NH4	N assimilation	0.11881569193615592	0.8849800591158957	Indian Chief ammonium transporter / N-supply proxy	N supply and transport	External N x2	3	External N x2	External N x2
nh4_x2	nh4_x2.txt	pyr_pyruvate	1	0.3557245863834823	Pyruvate	Pyruvate / entry	0.35527865410955606	0.0018096805411857595	Indian Chief ammonium transporter / N-supply proxy	N supply and transport	External N x2	3	External N x2	External N x2
nh4_x2	nh4_x2.txt	tca_akg	0.2	0.022228042610798065	2-OG	TCA / 2-OG	0.03550880507426684	-0.6757959012246424	Indian Chief ammonium transporter / N-supply proxy	N supply and transport	External N x2	3	External N x2	External N x2
nh4_x2	nh4_x2.txt	tca_oaa	0.004	0.0033473313059574758	OAA	TCA / 2-OG	0.0033876863481532176	-0.01728895720129514	Indian Chief ammonium transporter / N-supply proxy	N supply and transport	External N x2	3	External N x2	External N x2
