GeneID,GeneSymbol,Phenotypes,Phenotypes_count,pvalues,Family_Subfamily,Protein_Class,GO_MF,GO_BO,GO_CC
Zm00001eb021640,Glutathione S-transferase,Total_N;Total_PBAA,2,10.94;10.36,GLUTATHIONE S-TRANSFERASE (PTHR11260:SF771),transferase(PC00220),glutathione transferase activity(GO:0004364);transferase activity(GO:0016740),glutathione metabolic process(GO:0006749),cytoplasm(GO:0005737);cytosol(GO:0005829)
Zm00001eb021650,glutathione transferase,Total_N;Total_PBAA,2,10.94;10.36,GLUTATHIONE TRANSFERASE (PTHR11260:SF641),transferase(PC00220),glutathione transferase activity(GO:0004364);transferase activity(GO:0016740),glutathione metabolic process(GO:0006749),cytoplasm(GO:0005737)
Zm00001eb021660,Uncharacterized protein,Total_N;Total_PBAA,2,10.94;10.36,NA,NA,NA,NA,NA
Zm00001eb021670,Ubiquitin carrier protein 7,Total_N;Total_PBAA,2,10.94;10.36,NA,NA,NA,NA,NA
Zm00001eb021690,Glutathione S-transferase,Total_N;Total_PBAA,2,10.94;10.36,GLUTATHIONE S-TRANSFERASE (PTHR11260:SF668),transferase(PC00220),glutathione transferase activity(GO:0004364);transferase activity(GO:0016740),glutathione metabolic process(GO:0006749),cytoplasm(GO:0005737);cytosol(GO:0005829)
Zm00001eb021700,Uncharacterized protein,Total_N;Total_PBAA,2,10.94;10.36,NA,NA,NA,NA,NA
Zm00001eb200900,CBS domain-containing protein CBSCBSPB3,E;Q,2,8.74;17.81,CBS DOMAIN-CONTAINING PROTEIN DDB_G0289609 (PTHR48108:SF26),NA,NA,NA,NA
Zm00001eb300090,Transcription factor TCP2,Total_N;Total_PBAA,2,11.05;12.02,TRANSCRIPTION FACTOR TCP24 (PTHR31072:SF93),DNA-binding transcription factor(PC00218),DNA binding(GO:0003677);DNA-binding transcription factor activity(GO:0003700);sequence-specific DNA binding(GO:0043565),regulation of DNA-templated transcription(GO:0006355);regulation of secondary shoot formation(GO:2000032),nucleus(GO:0005634)
Zm00001eb300100,Leucine-rich repeat receptor-like serine_threonine-protein kinase,Total_N;Total_PBAA,2,11.05;12.02,LEUCINE-RICH REPEAT RECEPTOR-LIKE SERINE_THREONINE-PROTEIN KINASE (PTHR48005:SF80),NA,nucleotide binding(GO:0000166);protein kinase activity(GO:0004672);protein serine/threonine kinase activity(GO:0004674);ATP binding(GO:0005524);kinase activity(GO:0016301);transferase activity(GO:0016740),maintenance of meristem identity(GO:0010074);regulation of root meristem growth(GO:0010082),plasma membrane(GO:0005886)
Zm00001eb310730,Uncharacterized conserved protein UCP009193,Total_N;Total_PBAA,2,9.36;7.03,OS09G0360400 PROTEIN (PTHR33675:SF5),C4 zinc finger nuclear receptor(PC00169),NA,NA,NA
Zm00001eb418590,Uncharacterized protein,Total_N;Total_PBAA,2,8.65;7.41,NA,NA,NA,NA,NA
Zm00001eb000270,50S ribosomal protein L35,P,1,7.98,NA,NA,structural constituent of ribosome(GO:0003735),translation(GO:0006412),ribosome(GO:0005840);ribonucleoprotein complex(GO:1990904)
Zm00001eb000640,Putative glucuronoxylan glucuronosyltransferase IRX7,E,1,9.69,GLUCURONOXYLAN GLUCURONOSYLTRANSFERASE IRX7-RELATED (PTHR11062:SF229),glycosyltransferase(PC00111),transferase activity(GO:0016740);glycosyltransferase activity(GO:0016757),glucuronoxylan biosynthetic process(GO:0010417),Golgi membrane(GO:0000139)
Zm00001eb000650,Transducin_WD40 repeat-like superfamily protein,E,1,9.69,TRANSDUCIN_WD40 REPEAT-LIKE SUPERFAMILY PROTEIN (PTHR16047:SF10),ubiquitin-protein ligase(PC00234),ubiquitin-protein transferase activity(GO:0004842);zinc ion binding(GO:0008270),protein ubiquitination(GO:0016567);interstrand cross-link repair(GO:0036297),nucleus(GO:0005634)
Zm00001eb000660,Xyloglucan endotransglucosylase_hydrolase,E,1,9.69,XYLOGLUCAN ENDOTRANSGLUCOSYLASE_HYDROLASE (PTHR31062:SF303),hydrolase(PC00121),"hydrolase activity, hydrolyzing O-glycosyl compounds(GO:0004553);transferase activity(GO:0016740);xyloglucan:xyloglucosyl transferase activity(GO:0016762);hydrolase activity(GO:0016787);hydrolase activity, acting on glycosyl bonds(GO:0016798)",carbohydrate metabolic process(GO:0005975);xyloglucan metabolic process(GO:0010411);cell wall biogenesis(GO:0042546);glucan metabolic process(GO:0044042);cell wall organization(GO:0071555),apoplast(GO:0048046)
Zm00001eb005710,CN hydrolase domain-containing protein,SoilN,1,14.01,OMEGA-AMIDASE NIT2 (PTHR23088:SF30),hydrolase(PC00121),"hydrolase activity(GO:0016787);hydrolase activity, acting on carbon-nitrogen (but not peptide) bonds(GO:0016810);hydrolase activity, acting on carbon-nitrogen (but not peptide) bonds, in linear amides(GO:0016811);omega-amidase activity(GO:0050152)",oxaloacetate metabolic process(GO:0006107);asparagine metabolic process(GO:0006528);glutamine metabolic process(GO:0006541),NA
Zm00001eb006920,Conserved oligomeric Golgi complex subunit 8,P,1,7.13,CONSERVED OLIGOMERIC GOLGI COMPLEX SUBUNIT 8 (PTHR21311:SF0),NA,NA,NA,NA
Zm00001eb006930,WW domain containing protein expressed,P,1,7.13,F16L1.2 PROTEIN (PTHR14791:SF42),NA,NA,NA,cytoplasm(GO:0005737)
Zm00001eb006940,Ras-related protein RABH1e,P,1,7.13,"RAB22A, MEMBER RAS ONCO FAMILY (PTHR47977:SF37)",small GTPase(PC00208),NA,NA,NA
Zm00001eb006950,Putative pumilio homolog 7 chloroplastic,P,1,7.13,OS03G0191700 PROTEIN (PTHR12537:SF163),RNA metabolism protein(PC00031),RNA binding(GO:0003723);mRNA binding(GO:0003729),regulation of translation(GO:0006417);post-transcriptional regulation of gene expression(GO:0010608),cytoplasm(GO:0005737)
Zm00001eb012640,Uncharacterized protein,Q,1,7.27,NA,NA,NA,NA,NA
Zm00001eb012650,Acyl-CoA N-acyltransferase with RING_FYVE_PHD-type zinc finger domain,Q,1,7.27,ACYL-COA N-ACYLTRANSFERASE WITH RING_FYVE_PHD-TYPE ZINC FINGER DOMAIN-CONTAINING PROTEIN (PTHR47025:SF7),NA,"RNA polymerase II transcription regulatory region sequence-specific DNA binding(GO:0000977);chromatin binding(GO:0003682);transferase activity(GO:0016740);acyltransferase activity(GO:0016746);acyltransferase activity, transferring groups other than amino-acyl groups(GO:0016747);histone binding(GO:0042393)",positive regulation of transcription by RNA polymerase II(GO:0045944),nucleus(GO:0005634)
Zm00001eb012660,RNA binding protein,Q,1,7.27,RNA-BINDING (RRM_RBD_RNP MOTIFS) FAMILY PROTEIN (PTHR48029:SF3),NA,nucleic acid binding(GO:0003676);RNA binding(GO:0003723),NA,NA
Zm00001eb018150,ENT domain-containing protein,N,1,11.88,NA,NA,triose-phosphate isomerase activity(GO:0004807);isomerase activity(GO:0016853),defense response to fungus(GO:0050832),nucleus(GO:0005634)
Zm00001eb018170,Uncharacterized protein,N,1,11.88,CELLULOSE SYNTHASE-LIKE PROTEIN E2 (PTHR13301:SF135),DNA-binding transcription factor(PC00218),transferase activity(GO:0016740);glycosyltransferase activity(GO:0016757);cellulose synthase activity(GO:0016759);cellulose synthase (UDP-forming) activity(GO:0016760),plant-type primary cell wall biogenesis(GO:0009833);cellulose biosynthetic process(GO:0030244);cell wall organization(GO:0071555),plasma membrane(GO:0005886);endomembrane system(GO:0012505);membrane(GO:0016020)
Zm00001eb022740,Syndetin,SoilN,1,9.23,SYNDETIN (PTHR13258:SF0),NA,SNARE binding(GO:0000149),"protein transport(GO:0015031);endocytic recycling(GO:0032456);retrograde transport, endosome to Golgi(GO:0042147)",cytosol(GO:0005829);EARP complex(GO:1990745)
Zm00001eb022750,Cyclin-dependent protein kinase inhibitor SMR1,SoilN,1,9.23,NA,NA,protein kinase inhibitor activity(GO:0004860),regulation of DNA endoreduplication(GO:0032875),NA
Zm00001eb030630,Uncharacterized protein,SoilN,1,7.16,NA,NA,NA,NA,NA
Zm00001eb030640,Negatively light-regulated protein,SoilN,1,7.16,NEGATIVELY LIGHT-REGULATED PROTEIN (PTHR34804:SF9),NA,NA,NA,NA
Zm00001eb037670,Homeobox domain-containing protein,Q,1,7.17,HOMEOBOX-LEUCINE ZIPPER PROTEIN HOX27 (PTHR45714:SF22),NA,"DNA-binding transcription factor activity, RNA polymerase II-specific(GO:0000981);DNA binding(GO:0003677);sequence-specific DNA binding(GO:0043565)",regulation of DNA-templated transcription(GO:0006355);regulation of transcription by RNA polymerase II(GO:0006357),nucleus(GO:0005634)
Zm00001eb037680,Eukaryotic translation initiation factor 6,Q,1,7.17,EUKARYOTIC TRANSLATION INITIATION FACTOR 6 (PTHR10784:SF0),translation initiation factor(PC00224),translation initiation factor activity(GO:0003743);ribosome binding(GO:0043022);ribosomal large subunit binding(GO:0043023),ribosomal subunit export from nucleus(GO:0000054);maturation of 5.8S rRNA(GO:0000460);maturation of LSU-rRNA(GO:0000470);translation(GO:0006412);translational initiation(GO:0006413);ribosome biogenesis(GO:0042254);cytosolic ribosome assembly(GO:0042256);ribosomal large subunit biogenesis(GO:0042273);assembly of large subunit precursor of preribosome(GO:1902626),nucleus(GO:0005634);nucleolus(GO:0005730);cytoplasm(GO:0005737);cytosol(GO:0005829)
Zm00001eb041800,DUF4228 domain protein,N,1,11.73,DUF4228 DOMAIN PROTEIN (PTHR33148:SF3),NA,NA,NA,NA
Zm00001eb041810,Uncharacterized protein,N,1,11.73,NA,NA,NA,NA,NA
Zm00001eb047860,Type IV inositol polyphosphate 5-phosphatase 7,N,1,7.84,OS10G0422500 PROTEIN (PTHR45666:SF2),phosphatase(PC00181),"phosphatidylinositol-4,5-bisphosphate 5-phosphatase activity(GO:0004439);inositol-polyphosphate 5-phosphatase activity(GO:0004445);hydrolase activity(GO:0016787);phosphatase activity(GO:0016791);phosphatidylinositol-3,4,5-trisphosphate 5-phosphatase activity(GO:0034485)",phosphatidylinositol dephosphorylation(GO:0046856),NA
Zm00001eb048670,Stress enhanced protein 1 chloroplastic,SoilN,1,7.59,OS10G0395200 PROTEIN (PTHR14154:SF66),NA,NA,NA,chloroplast thylakoid membrane(GO:0009535)
Zm00001eb048680,Subtilisin-like protease SBT1.8,SoilN,1,7.59,SUBTILISIN-LIKE PROTEASE SBT1.8 (PTHR10795:SF836),serine protease(PC00203),serine-type endopeptidase activity(GO:0004252);peptidase activity(GO:0008233);serine-type peptidase activity(GO:0008236);hydrolase activity(GO:0016787),proteolysis(GO:0006508),extracellular region(GO:0005576)
Zm00001eb048690,Uncharacterized protein,SoilN,1,7.59,NA,NA,NA,NA,NA
Zm00001eb053040,Sulfotransferase,N,1,8.54,NA,NA,sulfotransferase activity(GO:0008146);transferase activity(GO:0016740),NA,NA
Zm00001eb053050,Sulfotransferase,N,1,8.54,SULFOTRANSFERASE (PTHR11783:SF280),transferase(PC00220),sulfotransferase activity(GO:0008146);transferase activity(GO:0016740),sulfation(GO:0051923),cytoplasm(GO:0005737)
Zm00001eb053060,Uncharacterized protein,N,1,8.54,NA,NA,NA,NA,NA
Zm00001eb056490,Inositol 3-kinase,Q,1,7.79,INOSITOL 3-KINASE (PTHR43085:SF13),carbohydrate kinase(PC00065),nucleotide binding(GO:0000166);ATP binding(GO:0005524);kinase activity(GO:0016301);transferase activity(GO:0016740);inositol 3-kinase activity(GO:0019140),myo-inositol hexakisphosphate biosynthetic process(GO:0010264),NA
Zm00001eb057750,Glycosyltransferase,N,1,19.55,"TRANSFERASE, PUTATIVE, EXPRESSED-RELATED (PTHR48047:SF192)",glycosyltransferase(PC00111),UDP-glycosyltransferase activity(GO:0008194);transferase activity(GO:0016740);glycosyltransferase activity(GO:0016757);UDP-glucosyltransferase activity(GO:0035251),NA,NA
Zm00001eb057760,Uncharacterized protein,N,1,19.55,NA,NA,NA,NA,NA
Zm00001eb057770,UDP-glycosyltransferase 83A1,N,1,19.55,OS03G0757500 PROTEIN (PTHR48049:SF140),glycosyltransferase(PC00111),UDP-glycosyltransferase activity(GO:0008194);transferase activity(GO:0016740);UDP-glucosyltransferase activity(GO:0035251),NA,NA
Zm00001eb057780,Uncharacterized protein,N,1,19.55,NA,NA,NA,NA,NA
Zm00001eb057790,UDP-glycosyltransferase 83A1,N,1,19.55,"TRANSFERASE, PUTATIVE, EXPRESSED-RELATED (PTHR48047:SF179)",glycosyltransferase(PC00111),UDP-glycosyltransferase activity(GO:0008194);transferase activity(GO:0016740);UDP-glucosyltransferase activity(GO:0035251),NA,NA
Zm00001eb057800,Peptidyl-prolyl cis-trans isomerase,N,1,19.55,"PEPTIDYL-PROLYL CIS-TRANS ISOMERASE CYP20-3, CHLOROPLASTIC (PTHR11071:SF420)",chaperone(PC00072),peptidyl-prolyl cis-trans isomerase activity(GO:0003755);cyclosporin A binding(GO:0016018);isomerase activity(GO:0016853),protein folding(GO:0006457),cytoplasm(GO:0005737)
Zm00001eb058980,Uncharacterized protein,N,1,7.57,NA,NA,NA,NA,NA
Zm00001eb060180,protein-serine_threonine phosphatase,N,1,7.51,NA,NA,protein serine/threonine phosphatase activity(GO:0004722),NA,NA
Zm00001eb060190,DUF6598 domain-containing protein,N,1,7.51,DUF6598 DOMAIN-CONTAINING PROTEIN (PTHR33453:SF38),NA,hydrolase activity(GO:0016787);rRNA N-glycosylase activity(GO:0030598);toxin activity(GO:0090729),defense response(GO:0006952);negative regulation of translation(GO:0017148);modulation of process of another organism(GO:0035821),NA
Zm00001eb060520,Glutamate dehydrogenase,Total_N,1,7.92,GLUTAMATE DEHYDROGENASE 3-RELATED (PTHR11606:SF29),dehydrogenase(PC00092),"nucleotide binding(GO:0000166);glutamate dehydrogenase (NAD+) activity(GO:0004352);glutamate dehydrogenase [NAD(P)+] activity(GO:0004353);oxidoreductase activity(GO:0016491);oxidoreductase activity, acting on the CH-NH2 group of donors, NAD or NADP as acceptor(GO:0016639)",amino acid metabolic process(GO:0006520);L-glutamate catabolic process(GO:0006538);cellular response to nitrogen starvation(GO:0006995),mitochondrion(GO:0005739)
Zm00001eb060530,Acyl-CoA N-acyltransferase (NAT) superfamily protein (Fragment),Total_N,1,7.92,OS01G0358800 PROTEIN (PTHR46067:SF7),acyltransferase(PC00042),"transferase activity(GO:0016740);acyltransferase activity(GO:0016746);acyltransferase activity, transferring groups other than amino-acyl groups(GO:0016747)",NA,NA
Zm00001eb060540,Actin-7,Total_N,1,7.92,NA,NA,nucleotide binding(GO:0000166);ATP binding(GO:0005524);hydrolase activity(GO:0016787),NA,cytoskeleton(GO:0005856)
Zm00001eb060550,40S ribosomal protein S18,Total_N,1,7.92,NA,NA,nucleic acid binding(GO:0003676);RNA binding(GO:0003723);structural constituent of ribosome(GO:0003735),translation(GO:0006412),cytoplasm(GO:0005737);ribosome(GO:0005840);ribonucleoprotein complex(GO:1990904)
Zm00001eb061370,Histidine kinase-DNA gyrase B-and HSP90-like ATPase family protein,Total_PBAA,1,8.04,PROTEIN NO VEIN (PTHR32387:SF0),NA,kinase activity(GO:0016301),embryo development ending in seed dormancy(GO:0009793);leaf vascular tissue pattern formation(GO:0010305);root development(GO:0048364),nucleus(GO:0005634)
Zm00001eb062000,RNA-binding protein 8A,Q,1,12.18,RNA-BINDING PROTEIN Y14B (PTHR45894:SF2),NA,nucleic acid binding(GO:0003676);RNA binding(GO:0003723);mRNA binding(GO:0003729),RNA processing(GO:0006396);RNA splicing(GO:0008380),nucleus(GO:0005634);cytoplasm(GO:0005737);exon-exon junction complex(GO:0035145)
Zm00001eb067800,AP2_ERF domain-containing protein,SoilN,1,8.56,AP2_ERF DOMAIN-CONTAINING PROTEIN (PTHR31194:SF219),DNA-binding transcription factor(PC00218),transcription cis-regulatory region binding(GO:0000976);DNA binding(GO:0003677);DNA-binding transcription factor activity(GO:0003700),regulation of DNA-templated transcription(GO:0006355),nucleus(GO:0005634)
Zm00001eb067810,Protein KAKU4,SoilN,1,8.56,OS04G0655600 PROTEIN (PTHR33416:SF37),NA,NA,nuclear membrane organization(GO:0071763),nuclear envelope(GO:0005635)
Zm00001eb067820,OSJNBb0022F16.11-like protein,SoilN,1,8.56,OSJNBB0022F16.11-LIKE PROTEIN (PTHR27009:SF143),NA,nucleotide binding(GO:0000166);protein kinase activity(GO:0004672);protein serine/threonine kinase activity(GO:0004674);ATP binding(GO:0005524);kinase activity(GO:0016301);transferase activity(GO:0016740),NA,membrane(GO:0016020)
Zm00001eb068910,RNA recognition motif containing protein,P,1,11.17,RNA-BINDING (RRM_RBD_RNP MOTIFS) FAMILY PROTEIN (PTHR32343:SF26),RNA splicing factor(PC00148),nucleic acid binding(GO:0003676);RNA binding(GO:0003723),NA,NA
Zm00001eb068930,Glutaredoxin family protein,P,1,11.17,OS04G0641300 PROTEIN (PTHR45669:SF30),oxidoreductase(PC00176),NA,NA,NA
Zm00001eb068940,Uncharacterized protein,P,1,11.17,NA,NA,NA,NA,NA
Zm00001eb071760,Pectin acetylesterase,Total_N,1,10.06,PECTIN ACETYLESTERASE (PTHR21562:SF67),NA,hydrolase activity(GO:0016787),cell wall organization(GO:0071555),NA
Zm00001eb071770,Maltose excess protein 1-like,Total_N,1,10.06,"MALTOSE EXCESS PROTEIN 1, CHLOROPLASTIC-RELATED (PTHR34809:SF1)",NA,maltose transmembrane transporter activity(GO:0005363),maltose transport(GO:0015768),chloroplast envelope(GO:0009941)
Zm00001eb073670,Methyltransferase,N,1,7.25,PECTIN METHYLTRANSFERASE QUA3-RELATED (PTHR10108:SF763),methyltransferase(PC00155),methyltransferase activity(GO:0008168);S-adenosylmethionine-dependent methyltransferase activity(GO:0008757);transferase activity(GO:0016740),methylation(GO:0032259);cell wall biogenesis(GO:0042546);cell wall pectin metabolic process(GO:0052546),Golgi membrane(GO:0000139);cytoplasm(GO:0005737);endomembrane system(GO:0012505);membrane(GO:0016020)
Zm00001eb073680,RHOMBOID-like protein,N,1,7.25,RHOMBOID-LIKE PROTEIN (PTHR22936:SF31),NA,serine-type endopeptidase activity(GO:0004252);peptidase activity(GO:0008233);serine-type peptidase activity(GO:0008236);hydrolase activity(GO:0016787),proteolysis(GO:0006508),cytoplasm(GO:0005737);endomembrane system(GO:0012505);membrane(GO:0016020)
Zm00001eb075480,Uncharacterized protein,SoilN,1,7.7,NA,NA,NA,NA,NA
Zm00001eb075490,SAUR11-auxin-responsive SAUR family member,SoilN,1,7.7,OS04G0537100 PROTEIN (PTHR31374:SF304),NA,NA,response to auxin(GO:0009733),NA
Zm00001eb075500,Serine_threonine-protein kinase GRIK1,SoilN,1,7.7,SNF1-ACTIVATING KINASE 1 (PTHR24343:SF330),non-receptor serine/threonine protein kinase(PC00167),nucleotide binding(GO:0000166);protein kinase activity(GO:0004672);protein serine/threonine kinase activity(GO:0004674);ATP binding(GO:0005524);kinase activity(GO:0016301);transferase activity(GO:0016740),response to virus(GO:0009615);regulation of cell cycle(GO:0051726),NA
Zm00001eb079630,NAC domain-containing protein,N,1,13.05,NA,NA,DNA binding(GO:0003677);DNA-binding transcription factor activity(GO:0003700),regulation of DNA-templated transcription(GO:0006355),NA
Zm00001eb079640,Pentatricopeptide repeat-containing protein,N,1,13.05,OS04G0477200 PROTEIN (PTHR47932:SF11),NA,mRNA binding(GO:0003729),NA,NA
Zm00001eb079650,OSJNBa0044K18.5-like protein,N,1,13.05,NA,NA,NA,NA,NA
Zm00001eb079660,Uncharacterized protein,N,1,13.05,NA,NA,NA,NA,NA
Zm00001eb079670,BTB_POZ domain-containing protein,N,1,13.05,OS04G0477000 PROTEIN (PTHR32370:SF12),NA,NA,protein ubiquitination(GO:0016567),NA
Zm00001eb090480,Uncharacterized protein,P,1,7.73,ACIDIC LEUCINE-RICH NUCLEAR PHOSPHOPROTEIN 32 FAMILY B PROTEIN (PTHR36760:SF1),NA,NA,NA,NA
Zm00001eb095480,Protein NEDD1,SoilN,1,8.37,PROTEIN NEDD1 (PTHR45096:SF1),NA,gamma-tubulin complex binding(GO:0140496),cell plate assembly(GO:0000919);regulation of microtubule nucleation(GO:0010968);positive regulation of cytokinesis(GO:0032467);regulation of mitotic spindle organization(GO:0060236);regulation of phragmoplast microtubule organization(GO:2000694),kinetochore microtubule(GO:0005828)
Zm00001eb100250,GTP diphosphokinase,N,1,9.23,"GTP DIPHOSPHOKINASE RSH3, CHLOROPLASTIC-RELATED (PTHR21262:SF0)",pyrophosphatase(PC00196),GTP binding(GO:0005525);GTP diphosphokinase activity(GO:0008728);kinase activity(GO:0016301),guanosine tetraphosphate metabolic process(GO:0015969),chloroplast(GO:0009507)
Zm00001eb100880,Cyclin-dependent kinase inhibitor domain-containing protein,SoilN,1,9.72,NA,NA,protein kinase inhibitor activity(GO:0004860);cyclin-dependent protein serine/threonine kinase inhibitor activity(GO:0004861),regulation of cell cycle(GO:0051726),nucleus(GO:0005634)
Zm00001eb100890,Uncharacterized protein,SoilN,1,9.72,HEXOKINASE (PTHR36706:SF1),NA,NA,NA,NA
Zm00001eb100900,Uncharacterized protein,SoilN,1,9.72,OS09G0460100 PROTEIN (PTHR36324:SF1),NA,NA,NA,NA
Zm00001eb101640,Phosphatidylinositol_phosphatidylcholine transfer protein SFH13,Total_PBAA,1,7.14,OS09G0481100 PROTEIN (PTHR45657:SF13),NA,phosphatidylinositol transfer activity(GO:0008526),post-Golgi vesicle-mediated transport(GO:0006892);protein transport(GO:0015031);phospholipid transport(GO:0015914);intermembrane lipid transfer(GO:0120009),Golgi membrane(GO:0000139);plasma membrane(GO:0005886)
Zm00001eb101660,"Photosystem I reaction center subunit V, chloroplastic",Total_PBAA,1,7.14,"PHOTOSYSTEM I REACTION CENTER SUBUNIT V, CHLOROPLASTIC (PTHR34195:SF6)",NA,NA,photosynthesis(GO:0015979),chloroplast(GO:0009507);photosystem I(GO:0009522);chloroplast thylakoid membrane(GO:0009535);membrane(GO:0016020)
Zm00001eb101670,WPP domain-interacting protein 2,Total_PBAA,1,7.14,WPP DOMAIN-INTERACTING PROTEIN 1 (PTHR34562:SF8),NA,NA,NA,NA
Zm00001eb101680,Caffeoyl-CoA O-methyltransferase 1,Total_PBAA,1,7.14,OS09G0481400 PROTEIN (PTHR10509:SF92),methyltransferase(PC00155),methyltransferase activity(GO:0008168);O-methyltransferase activity(GO:0008171);S-adenosylmethionine-dependent methyltransferase activity(GO:0008757);transferase activity(GO:0016740),methylation(GO:0032259),NA
Zm00001eb101960,MLO-like protein,N,1,8.75,MLO-LIKE PROTEIN 4 (PTHR31942:SF9),NA,catalytic activity(GO:0003824);calmodulin binding(GO:0005516);phosphoenolpyruvate carboxylase activity(GO:0008964);kinase activity(GO:0016301),tricarboxylic acid cycle(GO:0006099);defense response(GO:0006952);carbon fixation(GO:0015977);photosynthesis(GO:0015979),membrane(GO:0016020)
Zm00001eb101970,NA,N,1,8.75,NA,NA,NA,NA,NA
Zm00001eb101980,AT-hook motif nuclear-localized protein,N,1,8.75,AT-HOOK MOTIF NUCLEAR-LOCALIZED PROTEIN 10 (PTHR31500:SF57),NA,DNA binding(GO:0003677);minor groove of adenine-thymine-rich DNA binding(GO:0003680),NA,nucleus(GO:0005634)
Zm00001eb103300,Ypt_Rab-GAP domain of gyp1p superfamily protein,Q,1,8.81,OS09G0528800 PROTEIN (PTHR22957:SF696),GTPase-activating protein(PC00257),GTPase activator activity(GO:0005096),NA,NA
Zm00001eb104360,DNA mismatch repair protein MLH3,SoilN,1,10.3,DNA MISMATCH REPAIR PROTEIN MLH3 (PTHR10073:SF47),DNA metabolism protein(PC00009),ATP binding(GO:0005524);ATP hydrolysis activity(GO:0016887);mismatched DNA binding(GO:0030983);ATP-dependent DNA damage sensor activity(GO:0140664),mismatch repair(GO:0006298);DNA damage response(GO:0006974),mismatch repair complex(GO:0032300)
Zm00001eb104370,MUTL protein homolog 3,SoilN,1,10.3,ZINC FINGER RAN-BINDING DOMAIN-CONTAINING PROTEIN 2 (PTHR12999:SF17),RNA splicing factor(PC00148),nucleic acid binding(GO:0003676);RNA binding(GO:0003723);zinc ion binding(GO:0008270);metal ion binding(GO:0046872),NA,nucleus(GO:0005634)
Zm00001eb104820,Protein argonaute 1,SoilN,1,8.75,PROTEIN ARGONAUTE 18 (PTHR22891:SF184),translation initiation factor(PC00224),nucleic acid binding(GO:0003676);RNA binding(GO:0003723);RNA endonuclease activity(GO:0004521),regulatory ncRNA-mediated gene silencing(GO:0031047),nucleus(GO:0005634);cytoplasm(GO:0005737)
Zm00001eb105770,Dof zinc finger protein (Fragment),SoilN,1,7.76,DOF ZINC FINGER PROTEIN DOF1.4 (PTHR31992:SF141),NA,DNA binding(GO:0003677);DNA-binding transcription factor activity(GO:0003700);zinc ion binding(GO:0008270);metal ion binding(GO:0046872),regulation of DNA-templated transcription(GO:0006355),nucleus(GO:0005634)
Zm00001eb105780,rRNA adenine N(6)-methyltransferase,SoilN,1,7.76,"RIBOSOMAL RNA SMALL SUBUNIT METHYLTRANSFERASE, MITOCHONDRIAL (PTHR11727:SF12)",RNA methyltransferase(PC00033),"rRNA (adenine-N6,N6-)-dimethyltransferase activity(GO:0000179);RNA binding(GO:0003723);methyltransferase activity(GO:0008168);transferase activity(GO:0016740)",rRNA modification(GO:0000154);rRNA processing(GO:0006364);rRNA methylation(GO:0031167);methylation(GO:0032259),mitochondrion(GO:0005739)
Zm00001eb107570,Uncharacterized protein,SoilN,1,8.33,TRNASE Z TRZ1 (PTHR46504:SF2),NA,NA,NA,NA
Zm00001eb107580,Chaperone protein dnaJ 3,SoilN,1,8.33,CHAPERONE PROTEIN DNAJ 2-RELATED (PTHR43888:SF28),chaperone(PC00072),ATPase activator activity(GO:0001671);zinc ion binding(GO:0008270);Hsp70 protein binding(GO:0030544);heat shock protein binding(GO:0031072);metal ion binding(GO:0046872);unfolded protein binding(GO:0051082),protein folding(GO:0006457);cellular response to heat(GO:0034605);protein refolding(GO:0042026),endoplasmic reticulum(GO:0005783);cytosol(GO:0005829)
Zm00001eb107590,Succinyl-CoA ligase alpha-chain 2,SoilN,1,8.33,SUCCINYL-COA LIGASE ALPHA-CHAIN 2 (PTHR11117:SF26),ligase(PC00142),NA,NA,NA
Zm00001eb107600,MADS transcription factor (Fragment),SoilN,1,8.33,MADS TRANSCRIPTION FACTOR (PTHR11945:SF796),MADS box transcription factor(PC00250),"RNA polymerase II cis-regulatory region sequence-specific DNA binding(GO:0000978);DNA-binding transcription factor activity, RNA polymerase II-specific(GO:0000981);DNA binding(GO:0003677);protein dimerization activity(GO:0046983)",regulation of transcription by RNA polymerase II(GO:0006357),nucleus(GO:0005634)
Zm00001eb107610,Subtilisin2,SoilN,1,8.33,OS07G0578300 PROTEIN (PTHR10795:SF676),serine protease(PC00203),serine-type endopeptidase activity(GO:0004252);peptidase activity(GO:0008233);serine-type peptidase activity(GO:0008236);hydrolase activity(GO:0016787),proteolysis(GO:0006508),extracellular region(GO:0005576)
Zm00001eb107620,Bet1-like protein,SoilN,1,8.33,OS07G0577900 PROTEIN (PTHR12791:SF62),SNARE protein(PC00034),NA,protein transport(GO:0015031),Golgi membrane(GO:0000139);cytoplasm(GO:0005737);endoplasmic reticulum membrane(GO:0005789);endomembrane system(GO:0012505)
Zm00001eb111570,B3 domain-containing transcription repressor VAL2,Total_N,1,7.95,B3 DOMAIN-CONTAINING TRANSCRIPTION REPRESSOR VAL2 (PTHR46245:SF2),NA,DNA binding(GO:0003677);zinc ion binding(GO:0008270);metal ion binding(GO:0046872),regulation of DNA-templated transcription(GO:0006355),nucleus(GO:0005634)
Zm00001eb111590,Probable zinc-ribbon domain-containing protein,Total_N,1,7.95,OS07G0680600 PROTEIN (PTHR31105:SF51),NA,NA,regulation of defense response to fungus(GO:1900150),NA
Zm00001eb111670,Hydroxyproline-rich glycoprotein family protein,E,1,9.08,OS07G0683600 PROTEIN (PTHR31257:SF21),NA,NA,NA,NA
Zm00001eb111680,ETHYLENE INSENSITIVE 3-like 2 protein,E,1,9.08,PROTEIN ETHYLENE-INSENSITIVE 3-LIKE 2 (PTHR33305:SF32),NA,DNA binding(GO:0003677);DNA-binding transcription factor activity(GO:0003700),regulation of DNA-templated transcription(GO:0006355);ethylene-activated signaling pathway(GO:0009873),nucleus(GO:0005634)
Zm00001eb111690,(+)-neomenthol dehydrogenase,E,1,9.08,(+)-NEOMENTHOL DEHYDROGENASE (PTHR43490:SF133),dehydrogenase(PC00092),oxidoreductase activity(GO:0016491),NA,NA
Zm00001eb115450,Protein SUGARY ENHANCER 1,SoilN,1,8.75,PROTEIN SUGARY ENHANCER 1 (PTHR33155:SF7),NA,NA,regulation of starch metabolic process(GO:2000904),NA
Zm00001eb115470,Uncharacterized protein,SoilN,1,8.75,NA,NA,glutathione synthase activity(GO:0004363);ATP binding(GO:0005524);ligase activity(GO:0016874),glutathione biosynthetic process(GO:0006750),NA
Zm00001eb115480,SKP1-like protein,SoilN,1,8.75,SKP1-LIKE PROTEIN 14-RELATED (PTHR11165:SF208),ubiquitin-protein ligase(PC00234),cullin family protein binding(GO:0097602),ubiquitin-dependent protein catabolic process(GO:0006511);jasmonic acid mediated signaling pathway(GO:0009867);protein ubiquitination(GO:0016567);SCF-dependent proteasomal ubiquitin-dependent protein catabolic process(GO:0031146),nucleus(GO:0005634);cytoplasm(GO:0005737)
Zm00001eb115490,Glutathione synthetase,SoilN,1,8.75,GLUTATHIONE SYNTHETASE (PTHR11130:SF0),ligase(PC00142),nucleotide binding(GO:0000166);magnesium ion binding(GO:0000287);glutathione synthase activity(GO:0004363);ATP binding(GO:0005524);ligase activity(GO:0016874);glutathione binding(GO:0043295);metal ion binding(GO:0046872),glutathione biosynthetic process(GO:0006750),cytosol(GO:0005829);chloroplast(GO:0009507)
Zm00001eb115500,CCR4-associated factor 1 9,SoilN,1,8.75,POLY(A)-SPECIFIC RIBONUCLEASE (PTHR10797:SF84),mRNA polyadenylation factor(PC00146),nucleic acid binding(GO:0003676);poly(A)-specific ribonuclease activity(GO:0004535),"nuclear-transcribed mRNA catabolic process, deadenylation-dependent decay(GO:0000288)",P-body(GO:0000932);CCR4-NOT complex(GO:0030014);CCR4-NOT core complex(GO:0030015)
Zm00001eb115510,Uncharacterized protein,SoilN,1,8.75,NA,NA,single-stranded DNA binding(GO:0003697),flower development(GO:0009908),NA
Zm00001eb116210,HAT C-terminal dimerisation domain-containing protein,N,1,8.06,NA,NA,protein dimerization activity(GO:0046983),NA,NA
Zm00001eb117610,Pangloss2,SoilN,1,7.63,LRR RECEPTOR-LIKE SERINE_THREONINE-PROTEIN KINASE GHR1 (PTHR48003:SF4),NA,nucleotide binding(GO:0000166);protein kinase activity(GO:0004672);ATP binding(GO:0005524),positive regulation of abscisic acid-activated signaling pathway(GO:0009789),plasma membrane(GO:0005886);membrane(GO:0016020)
Zm00001eb117620,Uncharacterized protein,SoilN,1,7.63,NA,NA,NA,NA,NA
Zm00001eb118100,Casein kinase II subunit alpha,SoilN,1,9.92,CASEIN KINASE II SUBUNIT ALPHA (PTHR24054:SF52),NA,nucleotide binding(GO:0000166);protein kinase activity(GO:0004672);protein serine/threonine kinase activity(GO:0004674);ATP binding(GO:0005524);kinase activity(GO:0016301);transferase activity(GO:0016740);protein serine kinase activity(GO:0106310),DNA damage response(GO:0006974);photoperiodism(GO:0009648);inflorescence development(GO:0010229);regulation of cell cycle(GO:0051726),nucleus(GO:0005634);cytosol(GO:0005829);protein kinase CK2 complex(GO:0005956)
Zm00001eb118110,Uncharacterized protein,SoilN,1,9.92,NA,NA,NA,NA,NA
Zm00001eb119830,Histone-lysine N-methyltransferase ATX4,P,1,10.82,HISTONE-LYSINE N-METHYLTRANSFERASE ATX5 (PTHR13793:SF132),zinc finger transcription factor(PC00244),methyltransferase activity(GO:0008168);zinc ion binding(GO:0008270);transferase activity(GO:0016740);metal ion binding(GO:0046872);histone reader activity(GO:0140566),chromatin organization(GO:0006325);chromatin remodeling(GO:0006338);regulation of transcription by RNA polymerase II(GO:0006357);methylation(GO:0032259),nucleus(GO:0005634);Set1C/COMPASS complex(GO:0048188)
Zm00001eb119840,GDSL esterase_lipase,P,1,10.82,GDSL ESTERASE_LIPASE (PTHR22835:SF571),NA,"hydrolase activity(GO:0016787);hydrolase activity, acting on ester bonds(GO:0016788)",NA,NA
Zm00001eb119850,GDSL esterase_lipase,P,1,10.82,NA,NA,"hydrolase activity, acting on ester bonds(GO:0016788)",NA,NA
Zm00001eb119860,GDSL esterase_lipase,P,1,10.82,NA,NA,NA,NA,NA
Zm00001eb123060,LOB transcription factor,Q,1,11.29,PROTEIN LATERAL ORGAN BOUNDARIES (PTHR31301:SF91),NA,DNA-binding transcription activator activity(GO:0001216),regulation of DNA-templated transcription(GO:0006355);positive regulation of DNA-templated transcription(GO:0045893),nucleus(GO:0005634)
Zm00001eb125500,NA,SoilN,1,7.9,NA,NA,NA,NA,NA
Zm00001eb125510,Uncharacterized protein,SoilN,1,7.9,NA,NA,NA,NA,NA
Zm00001eb125520,MYB transcription factor,SoilN,1,7.9,TRANSCRIPTION FACTOR MYB62 (PTHR45675:SF30),homeodomain transcription factor(PC00119),DNA binding(GO:0003677);DNA-binding transcription factor activity(GO:0003700);sequence-specific DNA binding(GO:0043565),regulation of DNA-templated transcription(GO:0006355),nucleus(GO:0005634)
Zm00001eb130190,FAM91A1-like protein,D,1,8.62,PROTEIN FAM91A1 (PTHR28441:SF2),NA,NA,NA,NA
Zm00001eb130210,PIT1,SoilN,1,9.32,RING_FYVE_PHD ZINC FINGER SUPERFAMILY PROTEIN (PTHR23012:SF180),ubiquitin-protein ligase(PC00234),ubiquitin-protein transferase activity(GO:0004842);zinc ion binding(GO:0008270);metal ion binding(GO:0046872),NA,membrane(GO:0016020)
Zm00001eb131420,C2C2-GATA transcription factor,P,1,14.29,OS01G0343300 PROTEIN (PTHR47172:SF23),NA,transcription cis-regulatory region binding(GO:0000976);zinc ion binding(GO:0008270);sequence-specific DNA binding(GO:0043565);metal ion binding(GO:0046872),regulation of DNA-templated transcription(GO:0006355),NA
Zm00001eb131670,DNA_RNA-binding protein Alba-like domain-containing protein,E,1,7.74,FI09323P (PTHR13516:SF4),endoribonuclease(PC00094),nucleic acid binding(GO:0003676);RNA binding(GO:0003723),NA,nucleus(GO:0005634)
Zm00001eb131680,Uncharacterized protein,E,1,7.74,OS07G0256300 PROTEIN (PTHR35295:SF2),DNA metabolism protein(PC00009),NA,NA,NA
Zm00001eb132940,RING-type E3 ubiquitin transferase,N,1,7.43,RING-TYPE E3 UBIQUITIN TRANSFERASE (PTHR10315:SF131),ubiquitin-protein ligase(PC00234),zinc ion binding(GO:0008270);transferase activity(GO:0016740);ligase activity(GO:0016874);metal ion binding(GO:0046872);ubiquitin protein ligase activity(GO:0061630),protein ubiquitination(GO:0016567),cytoplasm(GO:0005737)
Zm00001eb134680,Serine protease,P,1,8.03,OS06G0234100 PROTEIN (PTHR45980:SF20),NA,serine-type endopeptidase activity(GO:0004252);peptidase activity(GO:0008233);serine-type peptidase activity(GO:0008236);hydrolase activity(GO:0016787),proteolysis(GO:0006508),NA
Zm00001eb137760,Protein STABILIZED1,E,1,12.69,PRE-MRNA-PROCESSING FACTOR 6 (PTHR11246:SF1),RNA splicing factor(PC00148),NA,"spliceosomal tri-snRNP complex assembly(GO:0000244);mRNA splicing, via spliceosome(GO:0000398);RNA processing(GO:0006396);mRNA processing(GO:0006397);RNA splicing(GO:0008380);gene silencing by siRNA-directed DNA methylation(GO:0080188);positive regulation of primary miRNA processing(GO:2000636)",nucleus(GO:0005634);U4/U6 x U5 tri-snRNP complex(GO:0046540);catalytic step 2 spliceosome(GO:0071013)
Zm00001eb137770,Patellin-1,E,1,12.69,NA,NA,lipid binding(GO:0008289),NA,NA
Zm00001eb137780,DNA binding,E,1,12.69,DNA BINDING PROTEIN (PTHR34568:SF1),NA,NA,NA,NA
Zm00001eb138700,Peroxidase,E,1,8.08,PEROXIDASE (PTHR31235:SF21),peroxidase(PC00180),NA,NA,NA
Zm00001eb138710,thiamine phosphate synthase,E,1,8.08,HYDROXYMETHYLPYRIMIDINE_PHOSPHOMETHYLPYRIMIDINE KINASE THI20-RELATED (PTHR20858:SF17),kinase(PC00137),nucleotide binding(GO:0000166);catalytic activity(GO:0003824);thiamine-phosphate diphosphorylase activity(GO:0004789);ATP binding(GO:0005524);hydroxymethylpyrimidine kinase activity(GO:0008902);phosphomethylpyrimidine kinase activity(GO:0008972);kinase activity(GO:0016301);transferase activity(GO:0016740);metal ion binding(GO:0046872),thiamine biosynthetic process(GO:0009228);thiamine diphosphate biosynthetic process(GO:0009229),chloroplast(GO:0009507)
Zm00001eb146280,Erythroid differentiation-related factor 1-like protein,N,1,10.65,ERYTHROID DIFFERENTIATION-RELATED FACTOR 1 (PTHR15000:SF1),NA,NA,positive regulation of DNA-templated transcription(GO:0045893),NA
Zm00001eb146790,Saposin B-type domain-containing protein,E,1,7.75,OS12G0112200 PROTEIN (PTHR11480:SF90),scaffold/adaptor protein(PC00226),metalloendopeptidase activity(GO:0004222);cysteine-type deubiquitinase activity(GO:0004843);peptidase activity(GO:0008233);metallopeptidase activity(GO:0008237);hydrolase activity(GO:0016787);metal ion binding(GO:0046872),proteolysis(GO:0006508);ubiquitin-dependent protein catabolic process(GO:0006511);lipid metabolic process(GO:0006629),extracellular space(GO:0005615)
Zm00001eb146800,RING-type E3 ubiquitin transferase,E,1,7.75,RING-H2 FINGER PROTEIN ATL78 (PTHR46905:SF7),NA,ubiquitin-protein transferase activity(GO:0004842);zinc ion binding(GO:0008270);transferase activity(GO:0016740);metal ion binding(GO:0046872),protein ubiquitination(GO:0016567),membrane(GO:0016020)
Zm00001eb146810,Dof zinc finger protein (Fragment),E,1,7.75,DOF ZINC FINGER PROTEIN (PTHR31992:SF365),NA,DNA binding(GO:0003677);DNA-binding transcription factor activity(GO:0003700);zinc ion binding(GO:0008270);metal ion binding(GO:0046872),regulation of DNA-templated transcription(GO:0006355),nucleus(GO:0005634)
Zm00001eb146820,U-box domain-containing protein 4,E,1,7.75,U-BOX DOMAIN-CONTAINING PROTEIN 4 (PTHR23315:SF355),ubiquitin-protein ligase(PC00234),NA,NA,nucleus(GO:0005634);cytoplasm(GO:0005737)
Zm00001eb148130,protein-serine_threonine phosphatase,Q,1,8.09,PROTEIN PHOSPHATASE 2C 9-RELATED (PTHR47992:SF248),protein phosphatase(PC00195),phosphoprotein phosphatase activity(GO:0004721);protein serine/threonine phosphatase activity(GO:0004722);hydrolase activity(GO:0016787);cation binding(GO:0043169);metal ion binding(GO:0046872),regulation of intracellular signal transduction(GO:1902531),nucleus(GO:0005634)
Zm00001eb148140,Uncharacterized protein,Q,1,8.09,NA,NA,NA,NA,NA
Zm00001eb148190,HTH myb-type domain-containing protein,N,1,8.68,OS01G0844900 PROTEIN (PTHR31442:SF19),homeodomain transcription factor(PC00119),DNA binding(GO:0003677);DNA-binding transcription factor activity(GO:0003700),regulation of DNA-templated transcription(GO:0006355),nucleus(GO:0005634)
Zm00001eb149460,Expansin,Q,1,8.86,EXPANSIN-A2 (PTHR31867:SF72),NA,NA,syncytium formation(GO:0006949);response to herbicide(GO:0009635);plant-type cell wall organization(GO:0009664);plant-type cell wall loosening(GO:0009828);cell wall organization(GO:0071555),extracellular region(GO:0005576);membrane(GO:0016020)
Zm00001eb152030,Uncharacterized protein,SoilN,1,7.63,NA,NA,NA,NA,NA
Zm00001eb152040,"Lipoyl synthase, chloroplastic",SoilN,1,7.63,"LIPOYL SYNTHASE 1, CHLOROPLASTIC (PTHR10949:SF31)",NA,"catalytic activity(GO:0003824);transferase activity(GO:0016740);sulfurtransferase activity(GO:0016783);lipoate synthase activity(GO:0016992);metal ion binding(GO:0046872);iron-sulfur cluster binding(GO:0051536);4 iron, 4 sulfur cluster binding(GO:0051539)",lipoate biosynthetic process(GO:0009107);protein lipoylation(GO:0009249),mitochondrion(GO:0005739);chloroplast(GO:0009507)
Zm00001eb152050,Topoisomerase II-associated protein PAT1,SoilN,1,7.63,OS01G0769000 PROTEIN (PTHR21551:SF28),RNA processing factor(PC00147),RNA binding(GO:0003723);isomerase activity(GO:0016853),deadenylation-dependent decapping of nuclear-transcribed mRNA(GO:0000290);P-body assembly(GO:0033962),P-body(GO:0000932)
Zm00001eb152160,Glutathione S-transferase IV,SoilN,1,7.32,GLUTATHIONE TRANSFERASE (PTHR43900:SF89),transferase(PC00220),glutathione transferase activity(GO:0004364);transferase activity(GO:0016740);glutathione binding(GO:0043295),glutathione metabolic process(GO:0006749);response to herbicide(GO:0009635),cytoplasm(GO:0005737)
Zm00001eb152850,Myb_SANT-like domain-containing protein,SoilN,1,7.68,MYB_SANT-LIKE DOMAIN-CONTAINING PROTEIN (PTHR47069:SF9),NA,NA,NA,NA
Zm00001eb152860,Uncharacterized protein,SoilN,1,7.68,OS01G0755100 PROTEIN (PTHR36380:SF1),NA,NA,NA,NA
Zm00001eb152870,Uncharacterized protein,SoilN,1,7.68,NA,NA,NA,NA,extracellular region(GO:0005576)
Zm00001eb153200,MACPF domain-containing protein CAD1,Q,1,8.42,MACPF DOMAIN-CONTAINING PROTEIN CAD1 (PTHR33199:SF3),NA,NA,defense response(GO:0006952);plant-type hypersensitive response(GO:0009626);programmed cell death(GO:0012501);regulation of salicylic acid mediated signaling pathway(GO:2000031),NA
Zm00001eb153500,Heat-and acid-stable phosphoprotein,P,1,10.15,28 KDA HEAT- AND ACID-STABLE PHOSPHOPROTEIN (PTHR22055:SF0),NA,NA,NA,cytosol(GO:0005829)
Zm00001eb153510,Regulator of chromosome condensation (RCC1) family protein,P,1,10.15,NA,NA,NA,NA,NA
Zm00001eb155560,Uncharacterized protein,N,1,7.71,OS01G0704200 PROTEIN (PTHR33918:SF2),NA,NA,NA,NA
Zm00001eb156970,3'-5' exonuclease domain-containing protein,Q,1,7.62,3'-5' EXONUCLEASE DOMAIN-CONTAINING PROTEIN (PTHR13620:SF51),NA,nucleic acid binding(GO:0003676);nuclease activity(GO:0004518);3'-5' exonuclease activity(GO:0008408);hydrolase activity(GO:0016787),nucleobase-containing compound metabolic process(GO:0006139),nucleus(GO:0005634);cytoplasm(GO:0005737)
Zm00001eb156980,Metal tolerance protein A2,Q,1,7.62,METAL TOLERANCE PROTEIN A2 (PTHR11562:SF100),transporter(PC00227),zinc ion transmembrane transporter activity(GO:0005385);monoatomic cation transmembrane transporter activity(GO:0008324),monoatomic cation transport(GO:0006812);zinc ion transport(GO:0006829);transmembrane transport(GO:0055085);zinc ion transmembrane transport(GO:0071577),vacuole(GO:0005773);vacuolar membrane(GO:0005774);plasma membrane(GO:0005886);membrane(GO:0016020)
Zm00001eb156990,Uncharacterized protein,Q,1,7.62,OS06G0150300 PROTEIN (PTHR36801:SF3),NA,NA,NA,NA
Zm00001eb159080,50S ribosomal protein L31,Q,1,7.79,LARGE RIBOSOMAL SUBUNIT PROTEIN BL31C (PTHR33280:SF1),ribosomal protein(PC00202),structural constituent of ribosome(GO:0003735),translation(GO:0006412),ribosome(GO:0005840);ribonucleoprotein complex(GO:1990904)
Zm00001eb159090,Uncharacterized protein,Q,1,7.79,NA,NA,NA,NA,NA
Zm00001eb159100,Aspartic proteinase oryzasin-1,Q,1,7.79,OS01G0631900 PROTEIN (PTHR47966:SF50),aspartic protease(PC00053),aspartic-type endopeptidase activity(GO:0004190);peptidase activity(GO:0008233);hydrolase activity(GO:0016787),proteolysis(GO:0006508),NA
Zm00001eb159110,Uncharacterized protein,Q,1,7.79,NA,NA,NA,NA,NA
Zm00001eb159390,Heat stress transcription factor C-1,E,1,9,HEAT STRESS TRANSCRIPTION FACTOR C-1A (PTHR10015:SF460),winged helix/forkhead transcription factor(PC00246),RNA polymerase II cis-regulatory region sequence-specific DNA binding(GO:0000978);DNA binding(GO:0003677);DNA-binding transcription factor activity(GO:0003700);sequence-specific DNA binding(GO:0043565),regulation of DNA-templated transcription(GO:0006355);cellular response to heat(GO:0034605),nucleus(GO:0005634)
Zm00001eb161460,MYB-related transcription factor,N,1,8.3,MYB-RELATED TRANSCRIPTION FACTOR (PTHR44191:SF79),homeodomain transcription factor(PC00119),DNA binding(GO:0003677);DNA-binding transcription factor activity(GO:0003700),regulation of DNA-templated transcription(GO:0006355);response to ethylene(GO:0009723);response to gibberellin(GO:0009739);response to sucrose(GO:0009744),nucleus(GO:0005634)
Zm00001eb161470,Cycloartenol synthase,N,1,8.3,CYCLOARTENOL SYNTHASE (PTHR33207:SF131),NA,NA,NA,NA
Zm00001eb161480,Putative calcium-binding protein CML15,N,1,8.3,CALCIUM-BINDING PROTEIN CML12-RELATED (PTHR10891:SF944),calmodulin-related(PC00061),calcium ion binding(GO:0005509),NA,NA
Zm00001eb161490,Transmembrane protein 33,N,1,8.3,TRANSMEMBRANE PROTEIN 33 (PTHR12703:SF4),NA,NA,membrane organization(GO:0061024);endoplasmic reticulum tubular network organization(GO:0071786),endoplasmic reticulum(GO:0005783);membrane(GO:0016020)
Zm00001eb162480,Protein ABIL1,N,1,7.42,PROTEIN ABIL2-RELATED (PTHR10460:SF62),scaffold/adaptor protein(PC00226),NA,NA,NA
Zm00001eb164350,GRAS transcription factor (Fragment),Q,1,8.47,SUBFAMILY NOT NAMED (PTHR31636:SF297),NA,DNA-binding transcription factor activity(GO:0003700);sequence-specific DNA binding(GO:0043565),regulation of DNA-templated transcription(GO:0006355),nucleus(GO:0005634)
Zm00001eb167060,Putative cytochrome P450 superfamily protein,D,1,7.13,CYTOCHROME P450 SUPERFAMILY PROTEIN-RELATED (PTHR47956:SF145),oxygenase(PC00177),"monooxygenase activity(GO:0004497);iron ion binding(GO:0005506);oxidoreductase activity(GO:0016491);oxidoreductase activity, acting on paired donors, with incorporation or reduction of molecular oxygen(GO:0016705);heme binding(GO:0020037);metal ion binding(GO:0046872)",NA,NA
Zm00001eb167070,(Z)-3-hexen-1-ol acetyltransferase,D,1,7.13,BENZYL ALCOHOL O-BENZOYLTRANSFERASE (PTHR31642:SF9),acetyltransferase(PC00038),"transferase activity(GO:0016740);acyltransferase activity, transferring groups other than amino-acyl groups(GO:0016747)",NA,NA
Zm00001eb168250,Uncharacterized protein,SoilN,1,7.12,NA,NA,NA,NA,NA
Zm00001eb168260,PDZ domain-containing protein,SoilN,1,7.12,PROTEASE DO-LIKE 14-RELATED (PTHR22939:SF125),serine protease(PC00203),NA,NA,NA
Zm00001eb169200,Auxin-responsive protein,N,1,9.36,AUXIN-RESPONSIVE PROTEIN IAA27 (PTHR31734:SF35),NA,NA,regulation of DNA-templated transcription(GO:0006355);response to auxin(GO:0009733);auxin-activated signaling pathway(GO:0009734),nucleus(GO:0005634)
Zm00001eb169320,Uncharacterized protein,Total_N,1,7.93,NA,NA,NA,NA,NA
Zm00001eb169330,Octicosapeptide_Phox_Bem1p (PB1) domain-containing protein,Total_N,1,7.93,OCTICOSAPEPTIDE_PHOX_BEM1P FAMILY PROTEIN (PTHR31066:SF10),NA,NA,NA,NA
Zm00001eb175980,Signal peptide peptidase-like 1,SoilN,1,7.33,SIGNAL PEPTIDE PEPTIDASE-LIKE 3 (PTHR12174:SF22),aspartic protease(PC00053),"hydrolase activity(GO:0016787);aspartic endopeptidase activity, intramembrane cleaving(GO:0042500)",membrane protein proteolysis(GO:0033619),endomembrane system(GO:0012505);membrane(GO:0016020);Golgi-associated vesicle membrane(GO:0030660);lumenal side of endoplasmic reticulum membrane(GO:0098553);cytoplasmic side of endoplasmic reticulum membrane(GO:0098554)
Zm00001eb186280,Putative WRKY DNA-binding domain superfamily protein,N,1,12.57,WRKY DNA-BINDING DOMAIN SUPERFAMILY PROTEIN-RELATED (PTHR31221:SF354),DNA-binding transcription factor(PC00218),transcription cis-regulatory region binding(GO:0000976);DNA binding(GO:0003677);DNA-binding transcription factor activity(GO:0003700);sequence-specific DNA binding(GO:0043565),regulation of DNA-templated transcription(GO:0006355),nucleus(GO:0005634)
Zm00001eb186530,Acetylglutamate kinase chloroplastic,N,1,7.21,N-ACETYL GLUTAMATE KINASE 2 (PTHR23342:SF19),NA,nucleotide binding(GO:0000166);acetylglutamate kinase activity(GO:0003991);ATP binding(GO:0005524);kinase activity(GO:0016301);transferase activity(GO:0016740),L-arginine biosynthetic process(GO:0006526);amino acid biosynthetic process(GO:0008652),cytoplasm(GO:0005737)
Zm00001eb186540,Uncharacterized protein,N,1,7.21,OS02G0657700 PROTEIN (PTHR33625:SF7),NA,NA,NA,NA
Zm00001eb191190,Tetratricopeptide repeat (TPR)-like superfamily protein,SoilN,1,18.21,KINESIN LIGHT CHAIN-RELATED (PTHR47459:SF1),microtubule binding motor protein(PC00156),NA,NA,NA
Zm00001eb191210,RING-type E3 ubiquitin transferase,SoilN,1,18.21,RING-TYPE E3 UBIQUITIN TRANSFERASE (PTHR46913:SF20),NA,zinc ion binding(GO:0008270);transferase activity(GO:0016740);metal ion binding(GO:0046872);ubiquitin protein ligase activity(GO:0061630),protein ubiquitination(GO:0016567),NA
Zm00001eb198260,RING_U-box superfamily protein,Total_N,1,10.16,OS09G0511500 PROTEIN (PTHR46798:SF19),NA,ubiquitin-protein transferase activity(GO:0004842);zinc ion binding(GO:0008270),NA,nucleus(GO:0005634)
Zm00001eb198270,Uncharacterized protein,Total_N,1,10.16,NA,NA,NA,NA,NA
Zm00001eb198280,14-3-3-like protein,Total_N,1,10.16,14-3-3-LIKE PROTEIN (PTHR18860:SF89),scaffold/adaptor protein(PC00226),DNA binding(GO:0003677);protein-containing complex binding(GO:0044877),signal transduction(GO:0007165);intracellular protein localization(GO:0008104);regulation of gene expression(GO:0010468),nucleus(GO:0005634);cytoplasm(GO:0005737)
Zm00001eb198390,Uncharacterized protein,SoilN,1,7.58,NA,NA,NA,NA,NA
Zm00001eb201180,Uncharacterized protein,Q,1,11.15,NA,NA,NA,NA,NA
Zm00001eb201340,DNA polymerase,SoilN,1,8.23,DNA POLYMERASE DELTA CATALYTIC SUBUNIT (PTHR10322:SF23),DNA metabolism protein(PC00009),"nucleotide binding(GO:0000166);nucleic acid binding(GO:0003676);DNA binding(GO:0003677);DNA-directed DNA polymerase activity(GO:0003887);nuclease activity(GO:0004518);exonuclease activity(GO:0004527);zinc ion binding(GO:0008270);3'-5'-DNA exonuclease activity(GO:0008296);transferase activity(GO:0016740);nucleotidyltransferase activity(GO:0016779);hydrolase activity(GO:0016787);metal ion binding(GO:0046872);iron-sulfur cluster binding(GO:0051536);4 iron, 4 sulfur cluster binding(GO:0051539)","DNA replication(GO:0006260);DNA-templated DNA replication(GO:0006261);base-excision repair, gap-filling(GO:0006287);nucleotide-excision repair, DNA gap filling(GO:0006297);DNA replication proofreading(GO:0045004);DNA biosynthetic process(GO:0071897)",nucleus(GO:0005634);delta DNA polymerase complex(GO:0043625)
Zm00001eb204770,CWF21 domain-containing protein,Total_N,1,8.58,NA,NA,NA,mRNA processing(GO:0006397);RNA splicing(GO:0008380),nucleus(GO:0005634);spliceosomal complex(GO:0005681)
Zm00001eb204780,Uncharacterized protein,Total_N,1,8.58,NA,NA,NA,NA,NA
Zm00001eb207310,Pentatricopeptide repeat-containing protein,Q,1,7.85,OS02G0164600 PROTEIN (PTHR47928:SF165),NA,RNA binding(GO:0003723),RNA modification(GO:0009451),NA
Zm00001eb207330,Uncharacterized protein,Q,1,7.85,NA,NA,NA,NA,NA
Zm00001eb207340,Uncharacterized protein,Q,1,7.85,NA,NA,NA,NA,NA
Zm00001eb207360,peptidylprolyl isomerase,Q,1,7.85,"PEPTIDYL-PROLYL CIS-TRANS ISOMERASE FKBP17-1, CHLOROPLASTIC (PTHR47860:SF1)",chaperone(PC00072),peptidyl-prolyl cis-trans isomerase activity(GO:0003755);isomerase activity(GO:0016853),NA,chloroplast thylakoid lumen(GO:0009543)
Zm00001eb212330,Nudix hydrolase 13,D,1,8.44,DIPHOSPHOINOSITOL-POLYPHOSPHATE DIPHOSPHATASE (PTHR12629:SF0),phosphatase(PC00181),pyrophosphatase activity(GO:0016462);hydrolase activity(GO:0016787);metal ion binding(GO:0046872),NA,nucleus(GO:0005634);cytoplasm(GO:0005737)
Zm00001eb212340,PIG-P domain-containing protein,D,1,8.44,PHOSPHATIDYLINOSITOL N-ACETYLGLUCOSAMINYLTRANSFERASE SUBUNIT P-RELATED (PTHR47681:SF3),transferase(PC00220),NA,NA,NA
Zm00001eb212350,Isopentenyl transferase IPT5,D,1,8.44,ADENYLATE ISOPENTENYLTRANSFERASE (PTHR11088:SF41),RNA processing factor(PC00147),nucleotide binding(GO:0000166);ATP binding(GO:0005524);AMP dimethylallyltransferase activity(GO:0009824);transferase activity(GO:0016740);tRNA dimethylallyltransferase activity(GO:0052381);ATP/ADP dimethylallyltransferase activity(GO:0052622),tRNA modification(GO:0006400);cytokinin biosynthetic process(GO:0009691),cytoplasm(GO:0005737);mitochondrion(GO:0005739)
Zm00001eb212360,Short-chain dehydrogenase_reductase,D,1,8.44,SHORT-CHAIN DEHYDROGENASE_REDUCTASE (PTHR43490:SF88),dehydrogenase(PC00092),"oxidoreductase activity(GO:0016491);oxidoreductase activity, acting on the CH-OH group of donors, NAD or NADP as acceptor(GO:0016616)",NA,NA
Zm00001eb217140,Hexosyltransferase,P,1,8.66,POLYGALACTURONATE 4-ALPHA-GALACTURONOSYLTRANSFERASE (PTHR32116:SF99),transferase(PC00220),glycosyltransferase activity(GO:0016757);polygalacturonate 4-alpha-galacturonosyltransferase activity(GO:0047262),pectin biosynthetic process(GO:0045489);cell wall organization(GO:0071555),Golgi membrane(GO:0000139)
Zm00001eb217150,Uncharacterized protein,P,1,8.66,DPL2-LIKE PROTEIN (PTHR36797:SF2),NA,metal ion transmembrane transporter activity(GO:0046873),metal ion transport(GO:0030001);transmembrane transport(GO:0055085),membrane(GO:0016020)
Zm00001eb217160,Succinate dehydrogenase10,P,1,8.66,"SUCCINATE DEHYDROGENASE SUBUNIT 5, MITOCHONDRIAL (PTHR36139:SF1)",dehydrogenase(PC00092),NA,tricarboxylic acid cycle(GO:0006099),respiratory chain complex II (succinate dehydrogenase)(GO:0045273)
Zm00001eb219810,Protein DETOXIFICATION,P,1,7.21,OS03G0571700 PROTEIN (PTHR11206:SF261),transporter(PC00227),antiporter activity(GO:0015297);transmembrane transporter activity(GO:0022857);xenobiotic transmembrane transporter activity(GO:0042910),transmembrane transport(GO:0055085);xenobiotic detoxification by transmembrane export across the plasma membrane(GO:1990961),membrane(GO:0016020)
Zm00001eb220030,Cytochrome P450 family 76 subfamily C polypeptide 7,SoilN,1,11.14,CYTOCHROME P450 FAMILY 76 SUBFAMILY C POLYPEPTIDE 7 (PTHR47950:SF43),oxygenase(PC00177),"monooxygenase activity(GO:0004497);iron ion binding(GO:0005506);oxidoreductase activity(GO:0016491);oxidoreductase activity, acting on paired donors, with incorporation or reduction of molecular oxygen(GO:0016705);oxidoreductase activity, acting on paired donors, with incorporation or reduction of molecular oxygen, NAD(P)H as one donor, and incorporation of one atom of oxygen(GO:0016709);heme binding(GO:0020037);metal ion binding(GO:0046872)",defense response(GO:0006952);diterpene phytoalexin biosynthetic process(GO:0051502),NA
Zm00001eb220040,Aspartate_glutamate_uridylate kinase domain-containing protein,SoilN,1,11.14,NA,NA,aspartate kinase activity(GO:0004072),amino acid biosynthetic process(GO:0008652);threonine biosynthetic process(GO:0009088),NA
Zm00001eb220050,AAA+ ATPase domain-containing protein,SoilN,1,11.14,OS10G0519300 PROTEIN (PTHR23070:SF84),NA,ATP binding(GO:0005524);ATP hydrolysis activity(GO:0016887),NA,NA
Zm00001eb221110,Uncharacterized protein,P,1,10.75,EXPRESSED PROTEIN (PTHR31343:SF61),NA,NA,NA,NA
Zm00001eb237480,Gamma-secretase subunit APH-1B,E,1,9.64,GAMMA-SECRETASE SUBUNIT APH-1 (PTHR12889:SF0),protease(PC00190),protein-macromolecule adaptor activity(GO:0030674),Notch signaling pathway(GO:0007219);protein processing(GO:0016485),membrane(GO:0016020);gamma-secretase complex(GO:0070765)
Zm00001eb237490,TTF-type domain-containing protein,E,1,9.64,NA,NA,NA,NA,NA
Zm00001eb239060,F-box protein PP2-A13,E,1,8.18,NA,NA,NA,NA,NA
Zm00001eb242960,Coatomer WD associated region domain-containing protein,D,1,11.04,NA,NA,NA,NA,NA
Zm00001eb242970,Uncharacterized protein,D,1,11.04,NA,NA,NA,NA,NA
Zm00001eb242980,Glycerophosphocholine acyltransferase 1,D,1,11.04,NA,NA,transferase activity(GO:0016740);acyltransferase activity(GO:0016746),lipid metabolic process(GO:0006629);phospholipid biosynthetic process(GO:0008654),membrane(GO:0016020)
Zm00001eb242990,Pectinesterase inhibitor domain-containing protein,D,1,11.04,PECTINESTERASE INHIBITOR DOMAIN-CONTAINING PROTEIN (PTHR35357:SF9),NA,enzyme inhibitor activity(GO:0004857),NA,NA
Zm00001eb243000,Transcription factor E2FB,D,1,11.04,E2F-DP TRANSCRIPTION FACTOR (PTHR12081:SF98),winged helix/forkhead transcription factor(PC00246),"RNA polymerase II cis-regulatory region sequence-specific DNA binding(GO:0000978);DNA-binding transcription factor activity, RNA polymerase II-specific(GO:0000981);DNA binding(GO:0003677);protein dimerization activity(GO:0046983)",regulation of DNA-templated transcription(GO:0006355);regulation of transcription by RNA polymerase II(GO:0006357),nucleus(GO:0005634);transcription regulator complex(GO:0005667);RNA polymerase II transcription regulator complex(GO:0090575)
Zm00001eb243010,thioredoxin-dependent peroxiredoxin,D,1,11.04,"THIOREDOXIN-DEPENDENT PEROXIDE REDUCTASE, MITOCHONDRIAL (PTHR10681:SF128)",peroxidase(PC00180),peroxidase activity(GO:0004601);thioredoxin peroxidase activity(GO:0008379);antioxidant activity(GO:0016209);oxidoreductase activity(GO:0016491);peroxiredoxin activity(GO:0051920);thioredoxin-dependent peroxiredoxin activity(GO:0140824),response to oxidative stress(GO:0006979);hydrogen peroxide catabolic process(GO:0042744);cell redox homeostasis(GO:0045454);cellular oxidant detoxification(GO:0098869),NA
Zm00001eb243020,Protein SMAX1-LIKE 3,D,1,11.04,OS02G0537800 PROTEIN (PTHR43572:SF5),chaperone(PC00072),protein folding chaperone(GO:0044183),protein folding(GO:0006457),nucleus(GO:0005634)
Zm00001eb250890,Uncharacterized protein,N,1,9.48,SUBFAMILY NOT NAMED (PTHR31549:SF32),NA,NA,NA,NA
Zm00001eb250910,DHHA1 domain-containing protein,SoilN,1,7.74,DHHA1 DOMAIN PROTEIN (PTHR46922:SF4),NA,NA,NA,NA
Zm00001eb250930,Regulator of chromosome condensation (RCC1) family with FYVE zinc finger domain,SoilN,1,7.74,REGULATOR OF CHROMOSOME CONDENSATION (RCC1) FAMILY PROTEIN-RELATED (PTHR22870:SF311),guanyl-nucleotide exchange factor(PC00113),zinc ion binding(GO:0008270);metal ion binding(GO:0046872),NA,NA
Zm00001eb250940,MYB-related transcription factor,SoilN,1,7.74,OS02G0685200 PROTEIN (PTHR12802:SF178),"chromatin/chromatin-binding, or -regulatory protein(PC00077)",DNA binding(GO:0003677),regulation of gene expression(GO:0010468),nucleus(GO:0005634)
Zm00001eb251610,60S ribosomal protein L12,N,1,8.03,LARGE RIBOSOMAL SUBUNIT PROTEIN UL11 (PTHR11661:SF2),ribosomal protein(PC00202),structural constituent of ribosome(GO:0003735);large ribosomal subunit rRNA binding(GO:0070180),translation(GO:0006412),ribosome(GO:0005840);cytosolic large ribosomal subunit(GO:0022625);ribonucleoprotein complex(GO:1990904)
Zm00001eb256170,PHD finger family protein,P,1,9.36,BROMODOMAIN-CONTAINING PROTEIN HOMOLOG (PTHR13793:SF107),zinc finger transcription factor(PC00244),zinc ion binding(GO:0008270);metal ion binding(GO:0046872);histone reader activity(GO:0140566),chromatin remodeling(GO:0006338);regulation of transcription by RNA polymerase II(GO:0006357),nucleus(GO:0005634)
Zm00001eb257060,MADS box interactor-like,D,1,9.27,RING FINGER PROTEIN (PTHR33874:SF1),NA,NA,NA,NA
Zm00001eb257070,Transducin_WD40 repeat-like superfamily protein,D,1,9.27,TRANSDUCIN_WD40 REPEAT-LIKE SUPERFAMILY PROTEIN (PTHR31789:SF6),NA,NA,NA,NA
Zm00001eb257080,Uncharacterized protein,D,1,9.27,OS02G0781900 PROTEIN (PTHR31008:SF26),NA,NA,NA,NA
Zm00001eb257100,Uncharacterized protein,D,1,9.27,NA,NA,protein heterodimerization activity(GO:0046982),NA,NA
Zm00001eb258430,CRIB domain-containing protein,N,1,7.22,NA,NA,NA,NA,NA
Zm00001eb258440,Ypt_Rab-GAP domain of gyp1p superfamily protein,N,1,7.22,OS02G0810500 PROTEIN (PTHR22957:SF697),GTPase-activating protein(PC00257),GTPase activator activity(GO:0005096),NA,NA
Zm00001eb258450,Diphthine--ammonia ligase,N,1,7.22,DIPHTHINE--AMMONIA LIGASE (PTHR12196:SF2),NA,diphthine-ammonia ligase activity(GO:0017178),protein histidyl modification to diphthamide(GO:0017183),NA
Zm00001eb258460,Casein kinase I,N,1,7.22,OS02G0810400 PROTEIN (PTHR11909:SF487),non-receptor serine/threonine protein kinase(PC00167),nucleotide binding(GO:0000166);protein kinase activity(GO:0004672);protein serine/threonine kinase activity(GO:0004674);ATP binding(GO:0005524);kinase activity(GO:0016301);transferase activity(GO:0016740),endocytosis(GO:0006897);signal transduction(GO:0007165),nucleus(GO:0005634);cytoplasm(GO:0005737)
Zm00001eb258470,p-loop containing nucleoside triphosphate hydrolase superfamily protein,N,1,7.22,KINESIN-LIKE PROTEIN KIN-10A (PTHR24115:SF416),microtubule binding motor protein(PC00156),nucleotide binding(GO:0000166);cytoskeletal motor activity(GO:0003774);microtubule motor activity(GO:0003777);ATP binding(GO:0005524);microtubule binding(GO:0008017);hydrolase activity(GO:0016787);ATP hydrolysis activity(GO:0016887),microtubule-based movement(GO:0007018),cytoplasm(GO:0005737);kinesin complex(GO:0005871);microtubule(GO:0005874)
Zm00001eb262630,Uncharacterized protein,D,1,9.06,NA,NA,NA,NA,NA
Zm00001eb265710,HB transcription factor,SoilN,1,7.74,WUSCHEL-RELATED HOMEOBOX 2-RELATED (PTHR45940:SF46),homeodomain transcription factor(PC00119),DNA binding(GO:0003677);DNA-binding transcription factor activity(GO:0003700),regulation of DNA-templated transcription(GO:0006355);system development(GO:0048731);plant organ development(GO:0099402),nucleus(GO:0005634)
Zm00001eb265720,Neutral_alkaline non-lysosomal ceramidase N-terminal domain-containing protein,SoilN,1,7.74,NA,NA,N-acylsphingosine amidohydrolase activity(GO:0017040);metal ion binding(GO:0046872),ceramide catabolic process(GO:0046514),membrane(GO:0016020)
Zm00001eb265730,C2 DOCK-type domain-containing protein,SoilN,1,7.74,NA,NA,guanyl-nucleotide exchange factor activity(GO:0005085),small GTPase-mediated signal transduction(GO:0007264),NA
Zm00001eb267640,Jasmonate O-methyltransferase,SoilN,1,9.66,METHYLTRANSFERASE TCM_000168-RELATED (PTHR31009:SF18),methyltransferase(PC00155),methyltransferase activity(GO:0008168);S-adenosylmethionine-dependent methyltransferase activity(GO:0008757);transferase activity(GO:0016740);methyl jasmonate methylesterase activity(GO:0030795);metal ion binding(GO:0046872),response to wounding(GO:0009611);jasmonic acid metabolic process(GO:0009694);jasmonic acid biosynthetic process(GO:0009695);jasmonic acid mediated signaling pathway(GO:0009867);methylation(GO:0032259),NA
Zm00001eb267690,Uncharacterized protein,N,1,7.82,NA,NA,NA,NA,NA
Zm00001eb268140,Uncharacterized protein,P,1,8.55,NA,NA,NA,NA,NA
Zm00001eb268150,Uncharacterized protein,P,1,8.55,SUBFAMILY NOT NAMED (PTHR35161:SF9),NA,NA,NA,NA
Zm00001eb276840,Uncharacterized protein,SoilN,1,7.65,OS06G0600800 PROTEIN (PTHR34189:SF9),NA,NA,NA,NA
Zm00001eb276850,Plant Tudor-like RNA-binding protein,SoilN,1,7.65,OS02G0204500 PROTEIN (PTHR31917:SF5),NA,NA,NA,nucleus(GO:0005634)
Zm00001eb276860,Elongation factor 1-alpha,SoilN,1,7.65,ELONGATION FACTOR 1-ALPHA (PTHR23115:SF297),translation factor(PC00223),nucleotide binding(GO:0000166);mRNA binding(GO:0003729);translation elongation factor activity(GO:0003746);GTPase activity(GO:0003924);GTP binding(GO:0005525),translation(GO:0006412);translational elongation(GO:0006414),cytoplasm(GO:0005737)
Zm00001eb277110,UDP-galactose_UDP-glucose transporter 3,N,1,12.1,SOLUTE CARRIER FAMILY 35 MEMBER B1 (PTHR10778:SF10),secondary carrier transporter(PC00258),UDP-galactose transmembrane transporter activity(GO:0005459);UDP-glucose transmembrane transporter activity(GO:0005460);antiporter activity(GO:0015297),UDP-glucose transmembrane transport(GO:0015786);transmembrane transport(GO:0055085);UDP-galactose transmembrane transport(GO:0072334),Golgi membrane(GO:0000139);endoplasmic reticulum membrane(GO:0005789)
Zm00001eb277130,Uncharacterized protein,N,1,12.1,NA,NA,NA,NA,NA
Zm00001eb277140,UDP-galactose_UDP-glucose transporter 3,N,1,12.1,SOLUTE CARRIER FAMILY 35 MEMBER B1 (PTHR10778:SF10),secondary carrier transporter(PC00258),UDP-galactose transmembrane transporter activity(GO:0005459);UDP-glucose transmembrane transporter activity(GO:0005460);antiporter activity(GO:0015297),UDP-glucose transmembrane transport(GO:0015786);transmembrane transport(GO:0055085);UDP-galactose transmembrane transport(GO:0072334),Golgi membrane(GO:0000139);endoplasmic reticulum membrane(GO:0005789)
Zm00001eb278360,Origin recognition complex subunit 1,P,1,9.36,ORIGIN RECOGNITION COMPLEX SUBUNIT 1 (PTHR10763:SF23),replication origin binding protein(PC00199),nucleotide binding(GO:0000166);DNA binding(GO:0003677);chromatin binding(GO:0003682);DNA replication origin binding(GO:0003688);ATP binding(GO:0005524);zinc ion binding(GO:0008270);ATP hydrolysis activity(GO:0016887);metal ion binding(GO:0046872),DNA replication(GO:0006260);DNA replication initiation(GO:0006270);mitotic DNA replication checkpoint signaling(GO:0033314),nucleus(GO:0005634);nuclear origin of replication recognition complex(GO:0005664)
Zm00001eb278370,UDP-glucuronate 4-epimerase 1,P,1,9.36,OS06G0187200 PROTEIN (PTHR43574:SF17),epimerase/racemase(PC00096),isomerase activity(GO:0016853);UDP-glucuronate 4-epimerase activity(GO:0050378),galacturonate biosynthetic process(GO:0033481),Golgi cisterna membrane(GO:0032580)
Zm00001eb280220,NAD(P)-binding Rossmann-fold superfamily protein,Q,1,7.03,TRNA THREONYLCARBAMOYLADENOSINE DEHYDRATASE 1-RELATED (PTHR43267:SF2),ligase(PC00142),nucleotide binding(GO:0000166);ATP binding(GO:0005524);ubiquitin-like modifier activating enzyme activity(GO:0008641);ligase activity(GO:0016874);tRNA threonylcarbamoyladenosine dehydratase(GO:0061503),cyclic threonylcarbamoyladenosine biosynthetic process(GO:0061504),mitochondrial outer membrane(GO:0005741);mitochondrial membrane(GO:0031966)
Zm00001eb280240,Atos-like C-terminal domain-containing protein,Q,1,7.03,NA,NA,NA,NA,NA
Zm00001eb283470,Leucine-rich repeat (LRR) family protein,Q,1,10.41,EXTENSIN-LIKE PROTEIN (PTHR32093:SF86),NA,NA,cell wall organization(GO:0071555),membrane(GO:0016020)
Zm00001eb283500,Katanin p80 WD40 repeat-containing subunit B1 homolog,D,1,14.68,NA,NA,NA,NA,NA
Zm00001eb283510,Derlin-1.2,D,1,14.68,DERLIN (PTHR11009:SF32),primary active transporter(PC00068),signal recognition particle binding(GO:0005047),response to stress(GO:0006950);endoplasmic reticulum unfolded protein response(GO:0030968);ERAD pathway(GO:0036503),endoplasmic reticulum membrane(GO:0005789)
Zm00001eb283520,IQ-domain 25,E,1,8.26,OS05G0187500 PROTEIN (PTHR32295:SF262),NA,calmodulin binding(GO:0005516),NA,NA
Zm00001eb283530,Phosphotransferase,E,1,8.26,HEXOKINASE-7 (PTHR19443:SF87),kinase(PC00137),NA,NA,NA
Zm00001eb287870,UBA domain-containing protein,N,1,7.82,OS05G0409000 PROTEIN (PTHR35294:SF1),translation elongation factor(PC00222),NA,NA,NA
Zm00001eb287980,Protein NRT1_ PTR FAMILY 3.1,Q,1,12.6,PROTEIN NRT1_ PTR FAMILY 3.1 (PTHR11654:SF421),transporter(PC00227),transmembrane transporter activity(GO:0022857),transmembrane transport(GO:0055085),plasma membrane(GO:0005886);membrane(GO:0016020)
Zm00001eb289040,Uncharacterized protein,SoilN,1,7.51,NA,NA,NA,NA,NA
Zm00001eb289520,PRA1 family protein,P,1,8.79,PRA1 FAMILY PROTEIN (PTHR12859:SF6),amino acid transporter(PC00046),NA,vesicle-mediated transport(GO:0016192),endoplasmic reticulum(GO:0005783);membrane(GO:0016020)
Zm00001eb289530,Protein YIP,P,1,8.79,PROTEIN YIP (PTHR12822:SF5),NA,small GTPase binding(GO:0031267),vesicle-mediated transport(GO:0016192),Golgi membrane(GO:0000139);Golgi apparatus(GO:0005794);membrane(GO:0016020)
Zm00001eb289550,uracil phosphoribosyltransferase,SoilN,1,7.67,URACIL PHOSPHORIBOSYLTRANSFERASE (PTHR10285:SF228),nucleotide kinase(PC00172),nucleotide binding(GO:0000166);catalytic activity(GO:0003824);uracil phosphoribosyltransferase activity(GO:0004845);GTP binding(GO:0005525);transferase activity(GO:0016740);glycosyltransferase activity(GO:0016757),uracil salvage(GO:0006223);UMP salvage(GO:0044206),cytoplasm(GO:0005737)
Zm00001eb289560,NADP-dependent oxidoreductase domain-containing protein,SoilN,1,7.67,NA,NA,oxidoreductase activity(GO:0016491),NA,NA
Zm00001eb289570,NADP-dependent oxidoreductase domain-containing protein,SoilN,1,7.67,"NADPH-DEPENDENT ALDO-KETO REDUCTASE, CHLOROPLASTIC (PTHR11732:SF520)",reductase(PC00198),NA,NA,NA
Zm00001eb289580,Glycerol-3-phosphate acyltransferase 5,SoilN,1,7.67,GLYCEROL-3-PHOSPHATE ACYLTRANSFERASE 7 (PTHR15486:SF54),scaffold/adaptor protein(PC00226),transferase activity(GO:0016740);acyltransferase activity(GO:0016746);phosphatase activity(GO:0016791);glycerol-3-phosphate 2-O-acyltransferase activity(GO:0090447),cutin biosynthetic process(GO:0010143),membrane(GO:0016020)
Zm00001eb289590,S-acyltransferase,SoilN,1,7.67,S-ACYLTRANSFERASE (PTHR22883:SF267),protein modifying enzyme(PC00260),palmitoyltransferase activity(GO:0016409);transferase activity(GO:0016740);acyltransferase activity(GO:0016746);protein-cysteine S-palmitoyltransferase activity(GO:0019706),protein targeting to membrane(GO:0006612),endoplasmic reticulum(GO:0005783);Golgi apparatus(GO:0005794);membrane(GO:0016020)
Zm00001eb293370,Protein LIKE COV 1,D,1,15.49,COV-LIKE PROTEIN 1 (PTHR31876:SF15),NA,NA,NA,NA
Zm00001eb293380,RING-type E3 ubiquitin transferase,D,1,15.49,RING-H2 FINGER PROTEIN ATL2L (PTHR22765:SF446),ubiquitin-protein ligase(PC00234),zinc ion binding(GO:0008270);ubiquitin protein ligase activity(GO:0061630),ubiquitin-dependent protein catabolic process(GO:0006511);protein ubiquitination(GO:0016567),membrane(GO:0016020)
Zm00001eb293390,Knottin scorpion toxin-like domain-containing protein,D,1,15.49,KNOTTIN SCORPION TOXIN-LIKE DOMAIN-CONTAINING PROTEIN (PTHR33147:SF136),antimicrobial response protein(PC00051),NA,defense response(GO:0006952),NA
Zm00001eb293400,Uncharacterized protein,D,1,15.49,NA,NA,structural constituent of ribosome(GO:0003735),translation(GO:0006412),ribosome(GO:0005840);ribonucleoprotein complex(GO:1990904)
Zm00001eb293410,Uncharacterized protein,D,1,15.49,"MULTIPLE ORGANELLAR RNA EDITING FACTOR 1, MITOCHONDRIAL (PTHR31346:SF5)",NA,NA,RNA metabolic process(GO:0016070);cytidine to uridine editing(GO:0016554);mitochondrial mRNA modification(GO:0080156),mitochondrion(GO:0005739)
Zm00001eb297070,GBF-interacting protein 1,SoilN,1,7.88,OS05G0581800 PROTEIN (PTHR46445:SF8),NA,NA,NA,NA
Zm00001eb297100,Plant basic secretory protein (BSP) family protein,SoilN,1,7.88,OS05G0582000 PROTEIN (PTHR33321:SF3),NA,NA,NA,NA
Zm00001eb297110,mitogen-activated protein kinase,SoilN,1,7.88,MITOGEN-ACTIVATED PROTEIN KINASE 20 (PTHR24055:SF392),non-receptor serine/threonine protein kinase(PC00167),nucleotide binding(GO:0000166);protein kinase activity(GO:0004672);protein serine/threonine kinase activity(GO:0004674);MAP kinase activity(GO:0004707);ATP binding(GO:0005524);kinase activity(GO:0016301);transferase activity(GO:0016740),MAPK cascade(GO:0000165);intracellular signal transduction(GO:0035556),nucleus(GO:0005634);cytoplasm(GO:0005737)
Zm00001eb297120,Uncharacterized protein,SoilN,1,7.88,ALL TRANS-POLYPRENYL-DIPHOSPHATE SYNTHASE PDSS1 (PTHR12001:SF69),metabolite interconversion enzyme(PC00262),NA,NA,NA
Zm00001eb299190,Plastid division protein PDV2,D,1,7.39,PLASTID DIVISION PROTEIN PDV2 (PTHR33600:SF3),NA,NA,chloroplast fission(GO:0010020),NA
Zm00001eb299200,Electron transporter,D,1,7.39,ELECTRON TRANSPORTER (PTHR23054:SF55),NA,NA,NA,NA
Zm00001eb299220,Phosphoprotein phosphatase inhibitors,D,1,7.39,PHOSPHOPROTEIN PHOSPHATASE INHIBITORS (PTHR10806:SF25),serine protease(PC00203),protein phosphatase inhibitor activity(GO:0004864);peptidase activity(GO:0008233),signal peptide processing(GO:0006465);regulation of signal transduction(GO:0009966),signal peptidase complex(GO:0005787);membrane(GO:0016020)
Zm00001eb302190,PHD transcription factor,SoilN,1,7.12,CHROMATIN REMODELING PROTEIN SHL (PTHR46364:SF7),NA,NA,NA,NA
Zm00001eb306400,Aquaporin PIP2-6,P,1,7.06,AQUAPORIN PIP2-4 (PTHR45687:SF111),NA,water channel activity(GO:0015250);channel activity(GO:0015267),water transport(GO:0006833);transmembrane transport(GO:0055085),plasma membrane(GO:0005886);membrane(GO:0016020)
Zm00001eb309010,Phosphoglycerate mutase family protein,D,1,9.14,OS09G0287300 PROTEIN (PTHR47623:SF1),NA,NA,NA,NA
Zm00001eb310410,Cyclin-like domain-containing protein,Total_N,1,7.31,CYCLIN-T (PTHR10026:SF51),kinase activator(PC00138),cyclin-dependent protein serine/threonine kinase regulator activity(GO:0016538);cyclin-dependent protein serine/threonine kinase activator activity(GO:0061575),"regulation of transcription by RNA polymerase II(GO:0006357);positive regulation of DNA-templated transcription, elongation(GO:0032786);positive regulation of transcription by RNA polymerase II(GO:0045944);cell division(GO:0051301)",nucleus(GO:0005634);cyclin/CDK positive transcription elongation factor complex(GO:0008024)
Zm00001eb311660,Protein CHAPERONE-LIKE PROTEIN OF POR1 chloroplastic,P,1,13.35,OS09G0380200 PROTEIN (PTHR33372:SF7),NA,NA,NA,chloroplast membrane(GO:0031969)
Zm00001eb313760,DUF581 family protein,N,1,8.86,OS09G0433800 PROTEIN (PTHR46057:SF33),NA,metal ion binding(GO:0046872),NA,NA
Zm00001eb314060,Uncharacterized protein,SoilN,1,7.34,PROTEIN DEEPER ROOTING 1 (PTHR34045:SF10),NA,NA,gravitropism(GO:0009630);positive gravitropism(GO:0009958);regulation of growth(GO:0040008),NA
Zm00001eb314620,Protein disulfide isomerase,SoilN,1,7.25,PROTEIN DISULFIDE-ISOMERASE A6 (PTHR45815:SF3),chaperone(PC00072),protein disulfide isomerase activity(GO:0003756);protein-disulfide reductase activity(GO:0015035);isomerase activity(GO:0016853),response to endoplasmic reticulum stress(GO:0034976),endoplasmic reticulum(GO:0005783);endoplasmic reticulum lumen(GO:0005788)
Zm00001eb314630,GLABROUS1 enhancer-binding protein-like,SoilN,1,7.25,DNA-BINDING STOREKEEPER PROTEIN TRANSCRIPTIONAL REGULATOR-LIKE PROTEIN (PTHR31662:SF33),NA,NA,regulation of DNA-templated transcription(GO:0006355);regulation of gene expression(GO:0010468),nucleus(GO:0005634)
Zm00001eb322600,"ATP synthase subunit gamma, chloroplastic",SoilN,1,7.28,"ATP SYNTHASE GAMMA CHAIN, CHLOROPLASTIC (PTHR11693:SF41)",ATP synthase(PC00002),"proton-transporting ATP synthase activity, rotational mechanism(GO:0046933)",ATP biosynthetic process(GO:0006754);monoatomic ion transport(GO:0006811);proton motive force-driven ATP synthesis(GO:0015986);proton transmembrane transport(GO:1902600),chloroplast thylakoid membrane(GO:0009535);proton-transporting ATP synthase complex(GO:0045259)
Zm00001eb322610,HRDC domain-containing protein,SoilN,1,7.28,PROTEIN RRP6-LIKE 3 (PTHR12124:SF68),NA,nucleotide binding(GO:0000166);3'-5'-RNA exonuclease activity(GO:0000175);nucleic acid binding(GO:0003676);single-stranded RNA binding(GO:0003727);3'-5' exonuclease activity(GO:0008408),"exonucleolytic trimming to generate mature 3'-end of 5.8S rRNA from tricistronic rRNA transcript (SSU-rRNA, 5.8S rRNA, LSU-rRNA)(GO:0000467);nucleobase-containing compound metabolic process(GO:0006139);nuclear polyadenylation-dependent rRNA catabolic process(GO:0071035);nuclear polyadenylation-dependent snoRNA catabolic process(GO:0071036);nuclear polyadenylation-dependent snRNA catabolic process(GO:0071037);TRAMP-dependent tRNA surveillance pathway(GO:0071038);nuclear polyadenylation-dependent CUT catabolic process(GO:0071039);nuclear polyadenylation-dependent antisense transcript catabolic process(GO:0071040);histone mRNA catabolic process(GO:0071044);poly(A)-dependent snoRNA 3'-end processing(GO:0071051)",nuclear exosome (RNase complex)(GO:0000176);nucleolus(GO:0005730)
Zm00001eb322660,Senescence regulator,P,1,8.02,OS07G0516300 PROTEIN (PTHR33083:SF93),NA,NA,leaf senescence(GO:0010150),NA
Zm00001eb322670,Uncharacterized protein,P,1,8.02,OS07G0516400 PROTEIN (PTHR33647:SF25),NA,NA,NA,NA
Zm00001eb323760,"CSLF3-cellulose synthase-like family F beta1,31,4 glucan synthase",D,1,7.31,MIXED-LINKED GLUCAN SYNTHASE 3-RELATED (PTHR13301:SF44),DNA-binding transcription factor(PC00218),transferase activity(GO:0016740);glycosyltransferase activity(GO:0016757);cellulose synthase (UDP-forming) activity(GO:0016760),plant-type primary cell wall biogenesis(GO:0009833);cellulose biosynthetic process(GO:0030244);cell wall organization(GO:0071555);plant-type cell wall organization or biogenesis(GO:0071669),Golgi membrane(GO:0000139);plasma membrane(GO:0005886);membrane(GO:0016020)
Zm00001eb323770,Receptor-like serine_threonine-protein kinase,SoilN,1,7.74,RECEPTOR-LIKE SERINE_THREONINE-PROTEIN KINASE (PTHR47975:SF33),NA,nucleotide binding(GO:0000166);protein kinase activity(GO:0004672);protein serine/threonine kinase activity(GO:0004674);ATP binding(GO:0005524);kinase activity(GO:0016301);transferase activity(GO:0016740),recognition of pollen(GO:0048544);response to other organism(GO:0051707),membrane(GO:0016020)
Zm00001eb323780,Uncharacterized protein,SoilN,1,7.74,PROTEIN 3F (PTHR34379:SF6),NA,NA,NA,NA
Zm00001eb323790,PLAC8 family protein,SoilN,1,7.74,CELL NUMBER REGULATOR 7 (PTHR15907:SF118),NA,NA,NA,membrane(GO:0016020)
Zm00001eb327530,alanine transaminase,N,1,8.56,ALANINE TRANSAMINASE (PTHR11751:SF29),transaminase(PC00216),L-alanine:2-oxoglutarate aminotransferase activity(GO:0004021);transaminase activity(GO:0008483);transferase activity(GO:0016740);pyridoxal phosphate binding(GO:0030170),L-alanine catabolic process(GO:0042853),NA
Zm00001eb327900,Trehalose 6-phosphate phosphatase,D,1,8.09,TREHALOSE-PHOSPHATE PHOSPHATASE 3-RELATED (PTHR43768:SF7),phosphatase(PC00181),trehalose-phosphatase activity(GO:0004805);hydrolase activity(GO:0016787),trehalose biosynthetic process(GO:0005992),NA
Zm00001eb327910,Trehalose 6-phosphate phosphatase RA3,D,1,8.09,TREHALOSE 6-PHOSPHATE PHOSPHATASE RA3 (PTHR43768:SF34),phosphatase(PC00181),trehalose-phosphatase activity(GO:0004805);hydrolase activity(GO:0016787),trehalose biosynthetic process(GO:0005992);regulation of secondary shoot formation(GO:2000032),NA
Zm00001eb332820,Glycosyltransferases,Q,1,8.54,GALACTOSYLGALACTOSYLXYLOSYLPROTEIN 3-BETA-GLUCURONOSYLTRANSFERASE 3 (PTHR10896:SF65),glycosyltransferase(PC00111),galactosylgalactosylxylosylprotein 3-beta-glucuronosyltransferase activity(GO:0015018);transferase activity(GO:0016740);glycosyltransferase activity(GO:0016757);xylosyltransferase activity(GO:0042285);metal ion binding(GO:0046872),plant-type secondary cell wall biogenesis(GO:0009834);glucuronoxylan biosynthetic process(GO:0010417);cell wall organization(GO:0071555),Golgi membrane(GO:0000139);membrane(GO:0016020)
Zm00001eb332830,Argonaute4a,Q,1,8.54,PROTEIN ARGONAUTE 4 (PTHR22891:SF157),translation initiation factor(PC00224),nucleic acid binding(GO:0003676);RNA binding(GO:0003723);RNA endonuclease activity(GO:0004521),regulatory ncRNA-mediated gene silencing(GO:0031047),nucleus(GO:0005634);cytoplasm(GO:0005737)
Zm00001eb332840,Uncharacterized protein,Q,1,8.54,NA,NA,NA,NA,NA
Zm00001eb332850,Uncharacterized protein,Q,1,8.54,NA,NA,NA,NA,NA
Zm00001eb336450,Import inner membrane translocase subunit,SoilN,1,7.18,IMPORT INNER MEMBRANE TRANSLOCASE SUBUNIT (PTHR36354:SF2),NA,NA,NA,NA
Zm00001eb336460,RING-type domain-containing protein,SoilN,1,7.18,OS01G0168400 PROTEIN (PTHR15860:SF26),NA,NA,NA,NA
Zm00001eb343460,Auxin-responsive protein,SoilN,1,7.73,AUXIN-RESPONSIVE PROTEIN IAA19 (PTHR31734:SF173),NA,NA,NA,NA
Zm00001eb348410,Uncharacterized protein,N,1,9.88,NA,NA,NA,NA,NA
Zm00001eb353630,Uncharacterized protein,Q,1,7.67,NA,NA,NA,NA,NA
Zm00001eb353640,Glycosyltransferase,Q,1,7.67,GLYCOSYLTRANSFERASE (PTHR48048:SF14),glycosyltransferase(PC00111),UDP-glycosyltransferase activity(GO:0008194);transferase activity(GO:0016740);glycosyltransferase activity(GO:0016757);UDP-glucosyltransferase activity(GO:0035251),NA,NA
Zm00001eb358640,Putative desiccation-related protein LEA14,SoilN,1,7.15,DESICCATION-RELATED PROTEIN LEA14-RELATED (PTHR31459:SF19),NA,NA,response to stress(GO:0006950);response to desiccation(GO:0009269),NA
Zm00001eb358650,ABC transporter domain-containing protein,SoilN,1,7.15,MYCOBACTIN IMPORT ATP-BINDING_PERMEASE PROTEIN IRTB (PTHR24222:SF76),ATP-binding cassette (ABC) transporter(PC00003),nucleotide binding(GO:0000166);ATP binding(GO:0005524);ATP hydrolysis activity(GO:0016887);ATPase-coupled transmembrane transporter activity(GO:0042626),transmembrane transport(GO:0055085),plasma membrane(GO:0005886);membrane(GO:0016020)
Zm00001eb358660,Protein SGT1 homolog A,SoilN,1,7.15,PROTEIN SGT1 HOMOLOG (PTHR45862:SF1),NA,NA,NA,NA
Zm00001eb358680,WRKY domain-containing protein,SoilN,1,7.15,OS01G0624700 PROTEIN (PTHR32096:SF23),DNA-binding transcription factor(PC00218),transcription cis-regulatory region binding(GO:0000976);DNA binding(GO:0003677);DNA-binding transcription factor activity(GO:0003700);sequence-specific DNA binding(GO:0043565),regulation of DNA-templated transcription(GO:0006355),nucleus(GO:0005634)
Zm00001eb361900,Epstein-Barr nuclear antigen 2,SoilN,1,10.99,OS01G0729900 PROTEIN (PTHR34541:SF2),NA,NA,NA,NA
Zm00001eb365680,Formin-like protein,N,1,8.62,HISTONE H3-K79 METHYLTRANSFERASE (PTHR23213:SF368),NA,actin binding(GO:0003779);actin filament binding(GO:0051015),actin cytoskeleton organization(GO:0030036);actin nucleation(GO:0045010),cytoskeleton(GO:0005856);membrane(GO:0016020)
Zm00001eb368010,UBC core domain-containing protein,Q,1,7.5,UBIQUITIN-CONJUGATING ENZYME E2 G1 (PTHR24067:SF3),ubiquitin-protein ligase(PC00234),NA,NA,NA
Zm00001eb372060,Autophagy-related protein,P,1,7,NA,NA,NA,NA,NA
Zm00001eb373650,Mechanosensitive ion channel protein,SoilN,1,11.4,MECHANOSENSITIVE ION CHANNEL PROTEIN (PTHR31618:SF7),ion channel(PC00133),mechanosensitive monoatomic ion channel activity(GO:0008381),monoatomic anion transport(GO:0006820);monoatomic ion transmembrane transport(GO:0034220);detection of mechanical stimulus(GO:0050982);transmembrane transport(GO:0055085),plasma membrane(GO:0005886);membrane(GO:0016020)
Zm00001eb373660,Anthocyanin regulatory C1 protein,SoilN,1,11.4,ANTHOCYANIN REGULATORY C1 PROTEIN (PTHR47998:SF72),homeodomain transcription factor(PC00119),transcription cis-regulatory region binding(GO:0000976);DNA binding(GO:0003677),regulation of DNA-templated transcription(GO:0006355);cell differentiation(GO:0030154),nucleus(GO:0005634)
Zm00001eb373900,Chloroplast RNA splicing4,Q,1,7.12,CHLOROPLAST RNA SPLICING4 (PTHR47447:SF26),NA,NA,NA,NA
Zm00001eb375450,Putative cytochrome P450 superfamily protein,SoilN,1,8.04,OS01G0804400 PROTEIN (PTHR24296:SF265),oxygenase(PC00177),"monooxygenase activity(GO:0004497);iron ion binding(GO:0005506);oxidoreductase activity(GO:0016491);oxidoreductase activity, acting on paired donors, with incorporation or reduction of molecular oxygen(GO:0016705);heme binding(GO:0020037);metal ion binding(GO:0046872)",lipid metabolic process(GO:0006629),NA
Zm00001eb378600,Uncharacterized protein,Q,1,10.91,NA,NA,RNA binding(GO:0003723),NA,NA
Zm00001eb378610,Uncharacterized protein,Q,1,10.91,NA,NA,NA,NA,NA
Zm00001eb378620,Uncharacterized protein,Q,1,10.91,NA,NA,NA,NA,NA
Zm00001eb385320,Uncharacterized protein,P,1,10.24,NA,NA,NA,nucleotide transport(GO:0006862);transmembrane transport(GO:0055085),membrane(GO:0016020)
Zm00001eb385330,Uncharacterized protein,P,1,10.24,NA,NA,NA,NA,NA
Zm00001eb387180,DUF223 domain-containing protein,N,1,8.27,NA,NA,NA,NA,NA
Zm00001eb393120,Nitrilase-associated protein,SoilN,1,8.92,PROTEIN SPIRAL1-LIKE 1 (PTHR33403:SF48),NA,NA,cortical microtubule organization(GO:0043622),"microtubule(GO:0005874);cortical microtubule, transverse to long axis(GO:0010005)"
Zm00001eb393130,Vacuolar protein sorting-associated protein 52 A,SoilN,1,8.92,VACUOLAR PROTEIN SORTING-ASSOCIATED PROTEIN 52 HOMOLOG (PTHR14190:SF7),membrane traffic protein(PC00150),syntaxin binding(GO:0019905),"Golgi to vacuole transport(GO:0006896);protein transport(GO:0015031);endocytic recycling(GO:0032456);retrograde transport, endosome to Golgi(GO:0042147)",GARP complex(GO:0000938);Golgi apparatus(GO:0005794);cytosol(GO:0005829)
Zm00001eb395610,ABC transporter domain-containing protein,D,1,8.71,CCR4-ASSOCIATED FACTOR 16 (PTHR12847:SF12),ATP-binding cassette (ABC) transporter(PC00003),NA,NA,NA
Zm00001eb395620,Peptidase A1 domain-containing protein,D,1,8.71,NA,NA,aspartic-type endopeptidase activity(GO:0004190);peptidase activity(GO:0008233);hydrolase activity(GO:0016787),proteolysis(GO:0006508),NA
Zm00001eb395630,Glucose-6-phosphate 1-dehydrogenase,D,1,8.71,"INACTIVE GLUCOSE-6-PHOSPHATE 1-DEHYDROGENASE 4, CHLOROPLASTIC (PTHR23429:SF4)",dehydrogenase(PC00092),"glucose-6-phosphate dehydrogenase activity(GO:0004345);oxidoreductase activity(GO:0016491);oxidoreductase activity, acting on CH-OH group of donors(GO:0016614);NADP binding(GO:0050661)",glucose metabolic process(GO:0006006);pentose-phosphate shunt(GO:0006098),NA
Zm00001eb395640,NA,D,1,8.71,NA,NA,NA,NA,NA
Zm00001eb398190,BHLH domain-containing protein,SoilN,1,7.47,TRANSCRIPTION FACTOR BHLH30 (PTHR45844:SF2),basic helix-loop-helix transcription factor(PC00055),DNA binding(GO:0003677);DNA-binding transcription factor activity(GO:0003700);protein dimerization activity(GO:0046983),regulation of DNA-templated transcription(GO:0006355),NA
Zm00001eb398210,Putative metallophosphoesterase,SoilN,1,7.47,METALLOPHOSPHOESTERASE-RELATED (PTHR14795:SF6),RNA helicase(PC00032),NA,NA,NA
Zm00001eb398220,Putative DUF593 domain containing family protein,SoilN,1,7.47,MYOSIN-BINDING PROTEIN 2 (PTHR31448:SF3),NA,myosin binding(GO:0017022);myosin XI tail binding(GO:0080115),NA,membrane(GO:0016020)
Zm00001eb399430,NA,SoilN,1,11.94,NA,NA,NA,NA,NA
Zm00001eb399440,AP2_ERF domain-containing protein,SoilN,1,11.94,"PUTATIVE, EXPRESSED-RELATED (PTHR32467:SF204)",DNA-binding transcription factor(PC00218),DNA binding(GO:0003677);DNA-binding transcription factor activity(GO:0003700),regulation of DNA-templated transcription(GO:0006355),nucleus(GO:0005634)
Zm00001eb399640,S-locus glycoprotein domain-containing protein,SoilN,1,18.42,NA,NA,NA,NA,NA
Zm00001eb399650,Cyclin N-terminal domain-containing protein,SoilN,1,18.42,CYCLIN-SDS (PTHR10177:SF202),kinase activator(PC00138),cyclin-dependent protein serine/threonine kinase regulator activity(GO:0016538),G1/S transition of mitotic cell cycle(GO:0000082);cell division(GO:0051301),cyclin-dependent protein kinase holoenzyme complex(GO:0000307);nucleus(GO:0005634);cytoplasm(GO:0005737)
Zm00001eb399660,Uncharacterized protein,SoilN,1,18.42,NA,NA,NA,NA,NA
Zm00001eb399670,Uncharacterized protein,SoilN,1,18.42,NA,NA,NA,NA,NA
Zm00001eb399680,Sec-independent protein translocase protein TATC chloroplastic,SoilN,1,18.42,"SEC-INDEPENDENT PROTEIN TRANSLOCASE PROTEIN TATC, CHLOROPLASTIC-RELATED (PTHR30371:SF0)",NA,proton motive force dependent protein transmembrane transporter activity(GO:0009977),protein transport by the Tat complex(GO:0043953);intracellular protein transmembrane transport(GO:0065002),membrane(GO:0016020);TAT protein transport complex(GO:0033281)
Zm00001eb403270,XS domain-containing protein,Q,1,7.52,RNA RECOGNITION MOTIF XS DOMAIN PROTEIN (PTHR46619:SF3),NA,NA,regulatory ncRNA-mediated gene silencing(GO:0031047),NA
Zm00001eb403280,Protein kinase domain superfamily protein,Q,1,7.52,SERINE_THREONINE-PROTEIN KINASE EDR1 (PTHR23257:SF813),non-receptor serine/threonine protein kinase(PC00167),nucleotide binding(GO:0000166);protein kinase activity(GO:0004672);protein serine/threonine kinase activity(GO:0004674);ATP binding(GO:0005524);kinase activity(GO:0016301);transferase activity(GO:0016740),signal transduction(GO:0007165),cytoplasm(GO:0005737);membrane(GO:0016020)
Zm00001eb406680,H(+)-exporting diphosphatase,N,1,7.05,NA,NA,inorganic diphosphate phosphatase activity(GO:0004427);diphosphate hydrolysis-driven proton transmembrane transporter activity(GO:0009678),monoatomic ion transport(GO:0006811);proton transmembrane transport(GO:1902600),endomembrane system(GO:0012505);membrane(GO:0016020)
Zm00001eb406690,H(+)-exporting diphosphatase,N,1,7.05,NA,NA,inorganic diphosphate phosphatase activity(GO:0004427);diphosphate hydrolysis-driven proton transmembrane transporter activity(GO:0009678),monoatomic ion transport(GO:0006811);proton transmembrane transport(GO:1902600),endomembrane system(GO:0012505);membrane(GO:0016020)
Zm00001eb406700,Putative xyloglucan 6-xylosyltransferase 5,N,1,7.05,GLYCOSYLTRANSFERASE 3-RELATED (PTHR31311:SF8),transferase(PC00220),transferase activity(GO:0016740);glycosyltransferase activity(GO:0016757);hexosyltransferase activity(GO:0016758),xyloglucan biosynthetic process(GO:0009969),Golgi membrane(GO:0000139);membrane(GO:0016020)
Zm00001eb406710,Glycosyltransferase 3,N,1,7.05,GLYCOSYLTRANSFERASE 3 (PTHR31311:SF21),transferase(PC00220),transferase activity(GO:0016740);glycosyltransferase activity(GO:0016757);hexosyltransferase activity(GO:0016758),xyloglucan biosynthetic process(GO:0009969),Golgi membrane(GO:0000139);membrane(GO:0016020)
Zm00001eb406720,Uncharacterized protein,N,1,7.05,NA,NA,NA,NA,NA
Zm00001eb411350,EF hand family protein,SoilN,1,7.8,CALMODULIN-LIKE PROTEIN 3 (PTHR10891:SF802),calmodulin-related(PC00061),calcium ion binding(GO:0005509);metal ion binding(GO:0046872),NA,NA
Zm00001eb413150,Uncharacterized protein,Q,1,7.2,POLYADENYLATION AND CLEAVAGE FACTOR HOMOLOG 4 (PTHR15921:SF12),RNA processing factor(PC00147),RNA polymerase II complex binding(GO:0000993);mRNA binding(GO:0003729),termination of RNA polymerase II transcription(GO:0006369);mRNA processing(GO:0006397);mRNA 3'-end processing(GO:0031124),nucleus(GO:0005634);cytoplasm(GO:0005737);mRNA cleavage factor complex(GO:0005849)
Zm00001eb417100,Uncharacterized protein,N,1,11.28,"TRANSPOSASE, PTTA_EN_SPM, PLANT (PTHR33063:SF15)",NA,NA,NA,NA
Zm00001eb418750,UNC93-like protein 2,N,1,8.47,UNC93-LIKE PROTEIN C922.05C (PTHR23294:SF59),NA,NA,NA,membrane(GO:0016020)
Zm00001eb418760,UMP-CMP kinase,N,1,8.47,UMP-CMP KINASE 2-RELATED (PTHR23359:SF246),nucleotide kinase(PC00172),"nucleotide binding(GO:0000166);ATP binding(GO:0005524);kinase activity(GO:0016301);transferase activity(GO:0016740);phosphotransferase activity, phosphate group as acceptor(GO:0016776);nucleobase-containing compound kinase activity(GO:0019205);UMP kinase activity(GO:0033862)",nucleobase-containing compound metabolic process(GO:0006139);'de novo' pyrimidine nucleobase biosynthetic process(GO:0006207);pyrimidine nucleotide biosynthetic process(GO:0006221);UDP biosynthetic process(GO:0006225);nucleoside monophosphate metabolic process(GO:0009123);nucleotide biosynthetic process(GO:0009165);CDP biosynthetic process(GO:0046705);nucleoside monophosphate phosphorylation(GO:0046940);pyrimidine-containing compound biosynthetic process(GO:0072528),nucleus(GO:0005634);cytoplasm(GO:0005737)
Zm00001eb418770,40S ribosomal protein S7,N,1,8.47,40S RIBOSOMAL PROTEIN S7 (PTHR11278:SF28),ribosomal protein(PC00202),structural constituent of ribosome(GO:0003735),rRNA processing(GO:0006364);translation(GO:0006412);ribosomal small subunit biogenesis(GO:0042274),ribosome(GO:0005840);cytosolic small ribosomal subunit(GO:0022627);small-subunit processome(GO:0032040);ribonucleoprotein complex(GO:1990904)
Zm00001eb418780,Nucleobase-ascorbate transporter 11,N,1,8.47,NA,NA,transmembrane transporter activity(GO:0022857),transmembrane transport(GO:0055085),membrane(GO:0016020)
Zm00001eb421690,Putative BOI-related E3 ubiquitin-protein ligase 2,SoilN,1,7.09,EF-HAND CALCIUM-BINDING DOMAIN-CONTAINING PROTEIN 4A (PTHR42647:SF72),NA,ubiquitin-protein transferase activity(GO:0004842);zinc ion binding(GO:0008270);ligase activity(GO:0016874);metal ion binding(GO:0046872),NA,NA
Zm00001eb421700,protein-serine_threonine phosphatase,SoilN,1,7.09,PROTEIN PHOSPHATASE 1G (PTHR13832:SF803),protein phosphatase(PC00195),phosphoprotein phosphatase activity(GO:0004721);protein serine/threonine phosphatase activity(GO:0004722);hydrolase activity(GO:0016787);metal ion binding(GO:0046872),signal transduction(GO:0007165),NA
Zm00001eb422620,Uncharacterized protein,Total_PBAA,1,7.24,SUBFAMILY NOT NAMED (PTHR31636:SF314),NA,DNA-binding transcription factor activity(GO:0003700);sequence-specific DNA binding(GO:0043565),regulation of DNA-templated transcription(GO:0006355),nucleus(GO:0005634)
Zm00001eb422630,Eukaryotic translation initiation factor 4C,Total_PBAA,1,7.24,EUKARYOTIC TRANSLATION INITIATION FACTOR 1A (PTHR21668:SF7),translation initiation factor(PC00224),RNA binding(GO:0003723);translation initiation factor activity(GO:0003743),translation(GO:0006412);translational initiation(GO:0006413),cytoplasm(GO:0005737)
Zm00001eb422640,Protein disulfide isomerase,Total_PBAA,1,7.24,PROTEIN DISULFIDE-ISOMERASE 5-2 (PTHR18929:SF218),chaperone(PC00072),protein disulfide isomerase activity(GO:0003756);isomerase activity(GO:0016853),protein folding(GO:0006457);response to endoplasmic reticulum stress(GO:0034976),endoplasmic reticulum(GO:0005783);membrane(GO:0016020)
Zm00001eb425250,ATP-dependent DNA helicase Q-like 5,SoilN,1,9.11,ATP-DEPENDENT DNA HELICASE Q4 (PTHR13710:SF108),DNA helicase(PC00011),nucleotide binding(GO:0000166);nucleic acid binding(GO:0003676);DNA binding(GO:0003677);helicase activity(GO:0004386);ATP binding(GO:0005524);four-way junction helicase activity(GO:0009378);hydrolase activity(GO:0016787);isomerase activity(GO:0016853);3'-5' DNA helicase activity(GO:0043138),double-strand break repair via homologous recombination(GO:0000724);DNA replication(GO:0006260);DNA recombination(GO:0006310);cellular response to water deprivation(GO:0042631),nucleus(GO:0005634);chromosome(GO:0005694);cytoplasm(GO:0005737)
Zm00001eb425260,glucose-1-phosphate adenylyltransferase,SoilN,1,9.11,NA,NA,nucleotide binding(GO:0000166);catalytic activity(GO:0003824);ATP binding(GO:0005524);glucose-1-phosphate adenylyltransferase activity(GO:0008878);transferase activity(GO:0016740);nucleotidyltransferase activity(GO:0016779);transmembrane transporter activity(GO:0022857),glycogen biosynthetic process(GO:0005978);starch biosynthetic process(GO:0019252);transmembrane transport(GO:0055085),membrane(GO:0016020)
Zm00001eb425270,Acid phosphatase_vanadium-dependent haloperoxidase-related protein,SoilN,1,9.11,OS04G0486900 PROTEIN (PTHR31446:SF8),NA,NA,NA,NA
Zm00001eb426000,Uncharacterized protein,P,1,8.06,NA,NA,NA,NA,Golgi apparatus(GO:0005794)
Zm00001eb426010,Uncharacterized protein,P,1,8.06,NA,NA,NA,NA,Golgi apparatus(GO:0005794)
Zm00001eb426020,Nodulin-like domain-containing protein,P,1,8.06,NA,NA,NA,NA,membrane(GO:0016020)
Zm00001eb426030,Nodulin-like domain-containing protein,P,1,8.06,NA,NA,NA,NA,membrane(GO:0016020)
Zm00001eb426040,DUF4371 domain-containing protein,P,1,8.06,AC-LIKE TRANSPOSASE-RELATED (PTHR45749:SF35),NA,NA,NA,NA
Zm00001eb427190,Uncharacterized protein,SoilN,1,7.69,NA,NA,NA,NA,NA
Zm00001eb427200,Syntaxin-81,SoilN,1,7.69,SYNTAXIN-18 (PTHR15959:SF0),SNARE protein(PC00034),NA,"retrograde vesicle-mediated transport, Golgi to endoplasmic reticulum(GO:0006890);protein transport(GO:0015031);vesicle-mediated transport(GO:0016192)",endoplasmic reticulum(GO:0005783);membrane(GO:0016020);SNARE complex(GO:0031201)
Zm00001eb427210,E3 ubiquitin-protein ligase RMA,SoilN,1,7.69,E3 UBIQUITIN-PROTEIN LIGASE RMA (PTHR12313:SF89),ubiquitin-protein ligase(PC00234),ubiquitin-protein transferase activity(GO:0004842);zinc ion binding(GO:0008270);transferase activity(GO:0016740);ubiquitin-like protein conjugating enzyme binding(GO:0044390);metal ion binding(GO:0046872);ubiquitin protein ligase activity(GO:0061630),ubiquitin-dependent protein catabolic process(GO:0006511);protein ubiquitination(GO:0016567);ERAD pathway(GO:0036503),cytoplasm(GO:0005737);endoplasmic reticulum(GO:0005783);endoplasmic reticulum membrane(GO:0005789);endomembrane system(GO:0012505)
Zm00001eb427220,Uncharacterized protein,SoilN,1,7.69,NA,NA,NA,NA,NA
Zm00001eb427230,Hexosyltransferase,SoilN,1,7.69,GALACTURONOSYLTRANSFERASE-LIKE 3-RELATED (PTHR13778:SF13),glycosyltransferase(PC00111),transferase activity(GO:0016740);glycosyltransferase activity(GO:0016757),NA,Golgi apparatus(GO:0005794)
Zm00001eb427250,Aldolase-type TIM barrel family protein,SoilN,1,7.69,TRNA-DIHYDROURIDINE(20) SYNTHASE [NAD(P)+]-LIKE (PTHR45936:SF1),RNA processing factor(PC00147),oxidoreductase activity(GO:0016491);tRNA dihydrouridine synthase activity(GO:0017150);flavin adenine dinucleotide binding(GO:0050660),tRNA dihydrouridine synthesis(GO:0002943);tRNA processing(GO:0008033),cytoplasm(GO:0005737)
Zm00001eb429090,BHLH domain-containing protein,E,1,10.25,BHLH DOMAIN-CONTAINING PROTEIN (PTHR16223:SF139),basic helix-loop-helix transcription factor(PC00055),"RNA polymerase II cis-regulatory region sequence-specific DNA binding(GO:0000978);DNA-binding transcription factor activity, RNA polymerase II-specific(GO:0000981);DNA-binding transcription factor activity(GO:0003700);protein dimerization activity(GO:0046983)",regulation of DNA-templated transcription(GO:0006355);regulation of transcription by RNA polymerase II(GO:0006357),nucleus(GO:0005634)
Zm00001eb429100,Amino acid transporter transmembrane domain-containing protein,E,1,10.25,AMINO ACID TRANSPORTER AVT3A (PTHR22950:SF674),amino acid transporter(PC00046),NA,NA,NA
Zm00001eb429140,SSD domain-containing protein,Total_PBAA,1,7.22,NPC INTRACELLULAR CHOLESTEROL TRANSPORTER 1 (PTHR45727:SF2),NA,NA,NA,NA
Zm00001eb430250,Phospholipid scramblase,E,1,7.09,PHOSPHOLIPID SCRAMBLASE (PTHR23248:SF9),transporter(PC00227),phospholipid scramblase activity(GO:0017128),plasma membrane phospholipid scrambling(GO:0017121),plasma membrane(GO:0005886)
Zm00001eb430260,BRX domain-containing protein,E,1,7.09,BRX DOMAIN-CONTAINING PROTEIN (PTHR46058:SF11),NA,NA,NA,nucleus(GO:0005634)
Zm00001eb430270,Protein TRANSPARENT TESTA 12,E,1,7.09,PROTEIN DETOXIFICATION 18 (PTHR11206:SF78),transporter(PC00227),antiporter activity(GO:0015297);transmembrane transporter activity(GO:0022857);xenobiotic transmembrane transporter activity(GO:0042910),xenobiotic transport(GO:0042908);transmembrane transport(GO:0055085),membrane(GO:0016020)
Zm00001eb430280,NA,E,1,7.09,NA,NA,NA,NA,NA
Zm00001eb432420,NADPH--cytochrome P450 reductase,Q,1,10.73,NADPH--CYTOCHROME P450 REDUCTASE 1 (PTHR19384:SF107),oxidoreductase(PC00176),NADPH-hemoprotein reductase activity(GO:0003958);FMN binding(GO:0010181);oxidoreductase activity(GO:0016491);flavin adenine dinucleotide binding(GO:0050660);NADP binding(GO:0050661),NA,cytoplasm(GO:0005737);endoplasmic reticulum membrane(GO:0005789);cytosol(GO:0005829)
Zm00001eb433190,F-box domain containing protein,Q,1,14.8,F-BOX ONLY PROTEIN 6 (PTHR46301:SF77),NA,ubiquitin-protein transferase activity(GO:0004842),SCF-dependent proteasomal ubiquitin-dependent protein catabolic process(GO:0031146),NA
Zm00001eb433200,1-phosphatidylinositol 4-kinase,Q,1,14.8,1-PHOSPHATIDYLINOSITOL 4-KINASE (PTHR45800:SF19),nucleotide kinase(PC00172),nucleotide binding(GO:0000166);1-phosphatidylinositol 4-kinase activity(GO:0004430);ATP binding(GO:0005524);kinase activity(GO:0016301);transferase activity(GO:0016740),NA,NA
Zm00001eb433210,Uncharacterized protein,Q,1,14.8,NA,NA,NA,NA,NA
Zm00001eb433220,OSJNBa0043A12.15-like protein,Q,1,14.8,OS04G0668800 PROTEIN (PTHR34290:SF2),NA,protein-disulfide reductase activity(GO:0015035),tissue regeneration(GO:0042246),mitochondrion(GO:0005739)
Zm00001eb433230,Uncharacterized protein,Q,1,14.8,TRIACYLGLYCEROL LIPASE-LIKE PROTEIN (PTHR36703:SF1),lipase(PC00143),NA,NA,NA
Zm00001eb433520,Uncharacterized protein,Total_PBAA,1,7.32,OSJNBB0004A17.21 PROTEIN (PTHR31509:SF67),NA,NA,NA,NA
Zm00001eb433530,"Ubiquinone biosynthesis protein COQ4 homolog, mitochondrial",Total_PBAA,1,7.32,"UBIQUINONE BIOSYNTHESIS PROTEIN COQ4 HOMOLOG, MITOCHONDRIAL (PTHR12922:SF7)",NA,zinc ion binding(GO:0008270);lyase activity(GO:0016829);carboxy-lyase activity(GO:0016831);metal ion binding(GO:0046872);4-hydroxy-3-methoxy-5-polyprenylbenzoate decarboxylase activity(GO:0120539),ubiquinone biosynthetic process(GO:0006744),mitochondrial inner membrane(GO:0005743);extrinsic component of mitochondrial inner membrane(GO:0031314)
Zm00001eb433540,"Chlorophyll a-b binding protein, chloroplastic",Total_PBAA,1,7.32,"CHLOROPHYLL A-B BINDING PROTEIN, CHLOROPLASTIC (PTHR21649:SF2)",NA,chlorophyll binding(GO:0016168),"response to light stimulus(GO:0009416);photosynthesis, light harvesting(GO:0009765);photosynthesis, light harvesting in photosystem I(GO:0009768);photosynthesis(GO:0015979)",photosystem I(GO:0009522);photosystem II(GO:0009523);chloroplast thylakoid membrane(GO:0009535);membrane(GO:0016020)
Zm00001eb433550,S-acyltransferase,Total_PBAA,1,7.32,PALMITOYLTRANSFERASE ZDHHC6 (PTHR22883:SF23),protein modifying enzyme(PC00260),palmitoyltransferase activity(GO:0016409);transferase activity(GO:0016740);acyltransferase activity(GO:0016746);protein-cysteine S-palmitoyltransferase activity(GO:0019706),protein targeting to membrane(GO:0006612),endoplasmic reticulum(GO:0005783);Golgi apparatus(GO:0005794);membrane(GO:0016020)
Zm00001eb433560,Uncharacterized protein,Total_PBAA,1,7.32,NA,NA,NA,NA,NA